title,author,url,archive_url,entry_type,date,publisher,series,ISSN,ISBN,DOI,volume,issue,pages,edition,language,license,key_type,taxon,region,complete,target_taxa
"Identification Key to the European Species of the Bee Genus Nomada Scopoli, 1770 (Hymenoptera: Apidae), Including 23 New Species",Jan Smit,https://www.nhbs.com/identification-key-to-the-european-species-of-the-bee-genus-nomada-scopoli-1770-hymenoptera-apidae-including-23-new-species-book,,print,2018,Museum Witt,Entomofauna Monographs,0250-4413,,,3,,1-253,,de-DE,,key,Nomada,Europe,TRUE,species
"An illustrated key to the cuckoo wasps (Hymenoptera, Chrysididae) of the Nordic and Baltic countries, with description of a new species",Juho Paukkunen; Alexander Berg; Villu Soon; Frode Ødegaard; Paolo Rosa,https://doi.org/10.3897/zookeys.548.6164,,online,2015,Pensoft Publishers,ZooKeys,1313-2970,,,548,,1-116,,en,,key,Chrysididae,"Europe, Northern; Europe, Baltic",TRUE,species
Informatie op het net over bijen en wespen,,https://www.aculea.be/determinatie.html,,online,,,,,,,,,,,nl-BE,,collection,Hymenoptera,"Europe, Belgium",FALSE,
"Beitrag zur Klärung des Artstatus von Nomada goodeniana (Kirby, 1802) und Nomada succincta Panzer, 1798 (Hymenoptera, Apidae)",Olaf Diestelhorts; Klaus Lunau,http://stechimmen-owl.de/sites/download/distelhorst_lunau_artstatus_nomada_succincta_goodeniana.pdf,,online,2008,,Entomologie heute,,,,20,,165-171,,de-DE,,key,Nomada goodeniana; Nomada succincta,,TRUE,species
Schmetterlinge der Alpen,Gianluca Ferreti,https://www.vermandel.com/product/entomologie-literatuur/vlinders/dagvlinders/schmetterlinge-der-alpen/,,print,2015,Haupt,,,9783258078502,,,,352,,de-DE,,key,Lepidoptera,"Europe, Alps",TRUE,species
Review and identification of the cuckoo bees of central Europe (Hymenoptera: Halictidae: Sphecodes),Petr Bogusch; Jakub Straka,,https://web.archive.org/web/20141005065408/http://www.nev.nl:80/hymenoptera/Bogusch_Straka_Sphecodes_key_Europe.pdf,online,2012,Magnolia Press,Zootaxa,1175-5334,,,3311,,1-41,,en,,key,Specodes,"Europe, Central",TRUE,species
Fotodeterminatie van Motmuggen: Familie Psychodidae,Weia Reinboud,http://www.at-a-lanta.nl/weia/files/motmuggentabel.pdf,,online,2020-05-05,,,,,,,,1-17,11,nl-NL,,reference,Psychodidae,"Europe, Netherlands; Europe, Belgium",FALSE,species
"Langpootmuggen en aanverwante families van Nederland, Belgie en Luxemburg","K Peeters, P Oosterbroek","https://ccw.naturalis.nl/litresults.php?title=Langpootmuggen%20en%20aanverwante%20families%20van%20Nederland,%20Belgie%20en%20Luxemburg",,online,2013-2015,Naturalis,Catalogue of the Craneflies of the World,,,,,,,,nl-NL,,key,Tipuloidea; Trichoceridae; Ptychopteridae,"Europe, Benelux",FALSE,species
Roofvliegen van Nederland en België inclusief Denemarken en de Britse Eilanden (Diptera – Asilidae),Reinoud van den Broek; André Schulten,https://waarneming.nl/download/fotogidsAsilidae.pdf,http://web.archive.org/web/20210318132219/https://waarneming.nl/download/fotogidsAsilidae.pdf,online,,,,,,,,,98,,nl-NL,,key,Asilidae,"Europe, Netherlands; Europe, Belgium; Europe, Denmark; Europe, UK",TRUE,species
Fotogids ZWEEFVLIEGEN (Diptera-Syrphidae),André Schulten,https://waarneming.nl/download/fotogids_Syrphidae.pdf,http://web.archive.org/web/20210515233546/https://waarneming.nl/download/fotogids_Syrphidae.pdf,online,2014-02-01,,Leuke Vliegen,,,,,,59,2.0,nl-NL,,key,Syrphidae,"Europe, Netherlands",FALSE,species
Veldtabel wapen- en bastvliegen van Nederland (Diptera: Stratiomyidae & Xylomyidae),Menno Reemer,https://repository.naturalis.nl/document/529708,,online,2014,EIS,,,,,,,56,1,nl-NL,,key,Stratiomyidae; Xylomyidae,"Europe, Netherlands; Europe, Belgium",TRUE,species
Veldtabel wolzwevers van Nederland (Bombyliidae & Mythicomyiidae),John T Smit,https://repository.naturalis.nl/pub/456291,,online,2013,EIS,Leuke Vliegen,,,,,,25,,nl-NL,,key,Bombyliidae; Mythicomyiidae,"Europe, Netherlands; Europe, Belgium",TRUE,species
A key to the families of British Diptera,D M Unwin,https://fsj.field-studies-council.org/media/343163/vol5.3_143_a.pdf,https://web.archive.org/web/20210413113644/https://fsj.field-studies-council.org/media/343163/vol5.3_143_a.pdf,print,1981,,Field Studies,0428-304X,,,5,3,513-533,,en-GB,,key,Diptera,"Europe, UK",TRUE,family
"The West Palaearctic species of the genus Eristalis Latreille (Diptera, Syrphidae)",Heikki Hippa; Tore R Nielsen; Jeroen van Steenis,http://www.entomologi.no/journals/nje/2001-2/NJE_48_02_2001.pdf,https://web.archive.org/web/20200910114614/http://www.entomologi.no/journals/nje/1999-2/NJE_46_02_1999.pdf,print,2001,,Norwegian Journal of Entomology,1501-8415,,,48,2,289-327,,en,,key; reference,Eristalis,Western Palearctic,TRUE,species
The Sepsidae (Diptera) of Europe,Adrian Charles Pont; Rudolf Meier,https://brill.com/view/title/7810,,print,2002-07-25,Brill,Fauna Entomologica Scandinavica,0106-8377,9004124772,,37,,220,,en,,key; reference,Sepsidae,Europe,TRUE,species
The Tachinids (Diptera: Tachinidae) of Central Europe: Identification Keys for the Species and Data on Distribution and Ecology,Hans-Peter Tschorsnig; Benno Herting,http://tachinidae.myspecies.info/sites/tachinidae.myspecies.info/files/Central%20European%20Key%20-%20plus%20figures.pdf,,online,2005-11-26,,,,,,,,150,,en,,key,Tachinidae,"Europe, Central",FALSE,species
Key to the British Scathophagidae (Diptera),Stuart G Ball,http://scathophagidae.myspecies.info/sites/scathophagidae.myspecies.info/files/scathophagid_key.pdf,https://web.archive.org/web/20210301054902/http://scathophagidae.myspecies.info/sites/scathophagidae.myspecies.info/files/scathophagid_key.pdf,online,2014-02-14,,,,,,,,65,4.1,en-GB,,key; reference,Scathophagidae,"Europe, UK",TRUE,species
Key to the paper and social wasps of Central Europe (Hymenoptera: Vespidae),Libor Dvořák; Stuart P M Roberts,https://www.aemnp.eu/acta-entomologica/volume-46/1132/key-to-the-paper-and-social-wasps-of-central-europe-hymenoptera-vespidae-klic-k-urcovani-vosiku-a-vos-stredni-evropy-hymenoptera-vespidae.html,,print,2006-06-06,,Acta Entomologica Musei Nationalis Prague,0374-1036,,,46,,221-244,,en; cs,,key; reference,Vespidae,"Europe, Central",TRUE,species
Identification key to the subfamilies of Ichneumonidae (Hymenoptera),Gavin R Broad,https://www.brc.ac.uk/sites/www.brc.ac.uk/files/pictures/resources/ichneumonidae-subfamily-key.pdf,,online,2011-02-01,,,,,,,,40,,en-GB,,key,Ichneumonidae,"Europe, UK; Europe, Ireland",TRUE,subfamily
The Sphecidae (Hymenoptera) of Fennoscandia and Denmark,O Lomholdt,https://brill.com/view/title/6409,,print,1984-06-02,Brill,Fauna Entomologica Scandinavica,0106-8377,9789004072633,,4,,452,2,en,,key; reference,Sphecidae,"Europe, Norway; Europe, Sweden; Europe, Finland; Europe, Denmark",TRUE,species
De Cephidae en Argidae van Nederland (Hymenoptera,Y D Burggraaf-van Nierop; C van Achterberg,https://repository.naturalis.nl/pub/317231,,print,1990,Naturalis,Zoologische Bijdragen,0459-1801,,,39,1,3-66,,nl-NL,CC-BY 4.0,key; reference,Cephidae; Argidae,"Europe, Netherlands",TRUE,species
De wespbijen (Nomada) van Nederland (Hymenoptera: Apidae),Jan Smit,https://repository.naturalis.nl/pub/261964,,print,2004,Naturalis,Nederlandse Faunistische Mededelingen,0169-2453,,,20,,33- 125,,nl-NL,CC-BY 4.0,key; reference,Nomada,"Europe, Netherlands",TRUE,species
Solitaire bijen determineren,Dries Laget,,http://web.archive.org/web/20160803225656/http://www.solitairebijen.ugent.be:80/Downloaden/TabelGenus.pdf,online,,,,,,,,,,,nl-BE,,key,Apidae,"Europe, Belgium",TRUE,genus
"Synopsis der Systematik, Ökologie und Biogeographie der Neuropteren Mitteleuropas im Spiegel der Neuropteren-Fauna von Linz und Oberösterreich, sowie Bestimmungsschlüssel für die mitteleuropäischen Neuropteren und Beschreibung von Coniopteryx lentiae nov. spec.",Horst Aspöck; Ulrike Aspöck,http://www.landesmuseum.at/pdf_frei_remote/NKJB_10_0115-0126.pdf,,print,1964,,Naturkundliches Jahrbuch der Stadt Linz,,,,,,127-282,,de-AT,,key; reference,Neuroptera,"Europe, Central",TRUE,species
A Key to British Freshwater Megaloptera and Neuroptera with notes on their life cycles and ecology,J M Elliot,,,print,1977,Freshwater Biological Association,Freshwater Biological Association Scientific Publication,0367-1887,9780900386275,,35,,52,,en-GB,,key; reference,Megaloptera; Neuroptera,"Europe, UK",FALSE,species
British freshwater Megaloptera and Neuroptera: a key with ecological notes,J M Elliot,,,print,1996,Freshwater Biological Association,Freshwater Biological Association Scientific Publication,0367-1887,9780900386565,,54,,1-69,,en-GB,,key; reference,Megaloptera; Neuroptera,"Europe, UK",FALSE,species
"Freshwater Megaloptera and Neuroptera of Britain and Ireland: Keys to Adults and Larvae, and a Review of their Ecology",J M Elliot,,,print,2009,Freshwater Biological Association,Freshwater Biological Association Scientific Publication,0367-1887,9780900386770,,,,71,5,en-GB,,key; reference,Megaloptera; Neuroptera,"Europe, UK; Europe, Ireland",FALSE,species
Caddisfly Adults of Britain & Ireland,Stuart M Crofts,,,print,,Freshwater Biological Association,,,9780900386831,,,,,,en-GB,,key,Trichoptera,"Europe, UK; Europe, Ireland",TRUE,family
Netvinger og Skorpionsfluer,P Esben-Petersen,http://www.biodiversitylibrary.org/item/111365#page/5/mode/1up,,print,1929,Gads Forlag,Danmarks Fauna,0070-2757,,,33,,134,,da,,key; reference,Neuroptera; Mecoptera,"Europe, Denmark",,species
Mayfly Larvae (Ephemeroptera) of Britain and Ireland: Keys and a Review of their Ecology,J M Elliot; U H Humpesch,,,print,2010,Freshwater Biological Association,,,9780900386787,,,,152,,en-GB,,key; reference,Ephemeroptera,"Europe, UK; Europe, Ireland",TRUE,species
Larvae of the British Ephemeroptera: a key with ecological notes,J M Elliot; U H Humpesch; T T Macan,,,print,1988,Freshwater Biological Association,Freshwater Biological Association Scientific Publication,0367-1887,9780900386473,,49,,145,,en-GB,,key; reference,Ephemeroptera,"Europe, UK; Europe, Ireland",TRUE,species
Welke micro zag ik?,www.microlepidoptera.nl,https://www.microvlinders.nl/soorten/zoeksoort.php,,online,,,,,,,,,,,nl-NL,,matrix,Lepidoptera,"Europe, Netherlands",FALSE,species
Determinatie van Libellen,Goyatlah,https://libellen.goyatlah.nl/taxa/index.html,,online,,,,,,,,,,,nl-NL,,key; reference,Odonata,"Europe, Netherlands",TRUE,species
Naaktslakkentabel,Stef Keulen; Aart van den Berg,https://commons.wikimedia.org/wiki/File:Naaktslakkentabel-1515763562.jpg,,online,,,,,,,,,,,nl-NL,CC-BY-SA 4.0,key,Stylommatophora,"Europe, Netherlands",TRUE,species
Determinatie hulp,Kees van der Krieke; Johan Bogaert,http://www.stippen.nl/symtabel.php,,online,,,,,,,,,,,nl-NL,,matrix; reference,Coccinellidae,"Europe, Netherlands",TRUE,species
Spiders of Europe,Wolfgang Nentwig; Theo Blick; Robert Bosmans; Daniel Gloor; Ambros Hänggi; Christian Kropf,https://araneae.nmbe.ch/key,,online,2021,,,,,10.24436/1,,,,6,en,,key; reference,Araneae,Europe,FALSE,species
Determinatiesleutel voor de Zoetwatervissen van Vlaanderen,Claude Belpaire; Hugo Verreycken,https://pureportal.inbo.be/nl/publications/determinatiesleutel-voor-de-zoetwatervissen-van-vlaanderen,,print,2007,Instituut voor Natuur- en Bosonderzoek,Mededelingen van het Instituut voor Natuur- en Bosonderzoek,,9789040302732,,,INBO.M.2007.7,47,,nl-BE,,key,Agnatha; Chondrichthyes; Osteichthyes,"Europe, Belgium, Vlaanderen",FALSE,species
Die Bestimmung der in Deutschland vorkommenden Hydropsychidae (Insecta: Trichoptera); The identification of the German Hydropsychidae (Insecta: Trichoptera),Peter J. Neu; Wolfgang Tobias,https://www.zobodat.at/pdf/Lauterbornia_2004_51_0001-0068.pdf,,print,2004-10-01,Enk Mauch Verlag,Lauterbornia,,,,51,,1-68,,de-DE; en,,key; reference,Hydropsychidae,"Europe, Germany",TRUE,species
Aphidophagous predator diagnosis: Key to genera of European chrysopid larvae (Neur.: Chrysopidae),Luisa M Díaz-Aranda; Victor Jose Monserrat,https://link.springer.com/article/10.1007%2FBF02373066,,print,1995-06,,BioControl,1386-6141,,10.1007/BF02373066,40,,169-181,,en; fr,,key,Chrysopidae,Europe,TRUE,genus
Revision of Stenocranus Fieb. (Hom.) and its allied species in Japan-Empire,S Matsumura,https://eprints.lib.hokudai.ac.jp/dspace/handle/2115/9297,,print,1935-06-01,,Insecta matsumurana,,,,9,4,125-140,,en,,key,Stenocranus; Numata; Hikona; Chloriona; Noda; Unkana,"Asia, Empire of Japan",TRUE,species
Adelidae (Lepidoptera) - Beitrag zur Kenntnis der Biologie und Bestimmungshilfe für die europäischen,Arten Rudolf Bryner,https://www.e-periodica.ch/digbib/view?pid=cnh-001%3A2020%3A0,,print,2020,,Contributions to Natural History,,,,38,,1-475,,de,,key,Adelidae,Europe,,species
Het zweefvliegengenus Sphegina in Nederland (Diptera: Syrphidae),John T Smit,https://repository.naturalis.nl/pub/218689,,print,2002,Naturalis,Nederlandse Faunistische Mededelingen,0169-2453,,,16,,85-90,,nl-NL,CC-BY 4.0,key,Sphegina,"Europe, Netherlands",TRUE,species
De Nederlandse zweefvliegen (Diptera: Syrphidae),Menno Reemer; Willem Renema; Wouter van Steenis; Theo Zeegers; Aat Barendregt; John T Smit; Mark P van Veen; Jeroen van Steenis; Laurens J J M van der Leij,https://www.bestuivers.nl/Portals/5/EBooks/Zweefvliegen/files/downloads/Reemer_etal_2009_Zweefvliegen.pdf,,print,2009,Naturalis; KNNV Uitgeverij; EIS,Nederlandse Fauna,1386-3762,9789063910051,,8,,442,,nl-NL,,reference,Syrphidae,"Europe, Netherlands",TRUE,species
Tabel Rhagio,,https://waarneming.nl/download/Rhagio.pdf,https://web.archive.org/web/20210610000936/https://waarneming.nl/download/Rhagio.pdf,online,,,Leuke Vliegen,,,,,,4,,nl-NL,,key,Rhagio,"Europe, Netherlands",TRUE,species
Veldgids Dazen (Diptera - Tabanidae) van Noordwest-Europa,Theo Zeegers; André Schulten,https://waarneming.nl/download/DAZEN%20nw-europa%20TZ_AS_2019.pdf,https://web.archive.org/web/20210127165258/https://waarneming.nl/download/DAZEN%20nw-europa%20TZ_AS_2019.pdf,online,,,Leuke Vliegen,,,,,,59,,nl-NL,<CC-BY-SA?>,key; reference,Tabanidae,"Europe, Northwest",TRUE,species
Veldtabel blaaskopvliegen van Nederland (Diptera: Conopidae),John T Smit,https://waarneming.nl/download/Veldtabel_blaaskopvliegen_tel.pdf,https://web.archive.org/web/20210610002154/https://waarneming.nl/download/Veldtabel_blaaskopvliegen_tel.pdf,online,2013,EIS,Leuke Vliegen,,,,,,32,,nl-NL,,key,Conopidae,"Europe, Netherlands",TRUE,species
Conopidae of Northwest Europe,Mark P van Veen,https://home.hccnet.nl/mp.van.veen/conopidae/index.html,,online,2010,,,,,,,,,,en,,key,Conopidae,"Europe, Benelux; Europe, UK",TRUE,species
Die Raupenfliegen (Diptera: Tachinidae) Mitteleuropas: Bestimmungstabellen und Angaben zur Verbreitung und Ökologie der einzelnen Arten,Hans-Peter Tschorsnig; Benno Herting,https://www.biodiversitylibrary.org/part/41664,,print,1994,Staatliches Museum für Naturkunde,Stuttgarter Beiträge zur Naturkunde,,,,506,,1-170,,de,CC-BY-NC-SA 3.0,key; reference,Tachinidae,"Europe, Central",TRUE,species
Zoekkaart Roofvliegen (Asilidae),,https://waarneming.nl/download/zoekkaart-roofvliegen.pdf,https://web.archive.org/web/20210610072945/https://waarneming.nl/download/zoekkaart-roofvliegen.pdf,online,2014,,Leuke Vliegen,,,,,,2,,nl-NL,,reference,Asilidae,"Europe, Netherlands",FALSE,species
Determination keys and field guides,Mark P van Veen,https://home.hccnet.nl/mp.van.veen/fe_ento.html,,online,,,,,,,,,,,en,,collection,Insecta; Gastropoda,"Europe, Netherlands",FALSE,
Determinatiesleutels en kenmerkengidsen,Mark P van Veen,https://home.hccnet.nl/mp.van.veen/fnl_ento.html,,online,,,,,,,,,,,nl-NL,,collection,Insecta; Gastropoda,"Europe, Netherlands",FALSE,
Kenmerkengids Nederlandse libellen,Mark P van Veen,https://home.hccnet.nl/mp.van.veen/libellen/Index.html,,online,2008,,,,,,,,,,nl-NL,<CC-BY-ND-SA?>,key; reference,Odonata,"Europe, Netherlands",TRUE,species
Kenmerkengids Sprinkhanen en krekels van West- en Midden-Europa,Mark P van Veen,https://home.hccnet.nl/mp.van.veen/sprinkhanen/sprinkhanen.html,,online,2009,,,,,,,,,,nl-NL,,key; reference,Orthoptera,"Europe, Netherlands; Europe, Belgium",TRUE,species
Rhagionidae and Athericidae of Northwest Europe,Mark P van Veen,https://home.hccnet.nl/mp.van.veen/KEYS/Rhagionidae/Rhagionidae.html,,online,2008,,,,,,,,,,en,,key,Rhagionidae; Athericidae,"Europe, Northwest",TRUE,species
Therevidae of Northwest Europe,Mark P van Veen,https://home.hccnet.nl/mp.van.veen/therevidae/therevidae.html,,online,2015,,,,,,,,,,en,,key,Therevidae,"Europe, Northwest",TRUE,species
Bee-flies (Diptera: Bombyliidae) of Northwest Europe,Mark P van Veen,https://home.hccnet.nl/mp.van.veen/bombyliidae/index.html,,online,2008,,,,,,,,,,en,,key,Bombyliidae,"Europe, Northwest",TRUE,species
Xylophagidae,Mark P van Veen,https://home.hccnet.nl/mp.van.veen/kleinefamilies/XYLOPHAG_e.HTM,,online,,,,,,,,,,,en,,key,Xylophagidae,"Europe, Northwest",TRUE,species
Coenomyiidae,Mark P van Veen,https://home.hccnet.nl/mp.van.veen/kleinefamilies/COENO_NW.HTM,,online,,,,,,,,,,,nl-NL,,key,Coenomyiidae,"Europe, Northwest",TRUE,species
Eenvoudige schelpen determinatie,Mark P van Veen,https://home.hccnet.nl/mp.van.veen/Schelpen/start.html,,online,,,,,,,,,,,nl-NL,,key,Mollusca,"Europe, Netherlands",FALSE,species
Hoverflies of Northwest Europe: Identification Keys to the Syrphidae,Mark P van Veen,https://brill.com/view/title/25546,,online,2014-06-24,Brill,,10.1163/9789004274495,9789004274495,,,,,,en,,key,Syrphidae,"Europe, Northwest",TRUE,species
Hoverflies of Northwest Europe: Identification Keys to the Syrphidae,Mark P van Veen,https://brill.com/view/title/25546,,print,2010,Brill,,,9789050111997,,,,248,,en,,key,Syrphidae,"Europe, Northwest",TRUE,species
Fotogids Larven van Libellen,Christophe Brochard; Ewoud van der Ploeg,,,print,2014-12-01,KNNV Uitgeverij,,,9789050114868,,,,239,,nl-NL,,reference,Odonata,"Europe, Northwest",TRUE,species
MOSCHweb - Interactive key to the genera of the Palaearctic Tachinidae (Insecta: Diptera),Pierfilippo Cerretti; Hans-Peter Tschorsnig; Massimo Lopresti,http://www.tachinidae.eu/homepage.htm,,online,2021-07-04,,ZooKeys,1313-2970,,10.3897/zookeys.205.3409,205,,5-18,1.0,en-EN,,matrix,Tachinidae,Palaearctic,TRUE,genus
Een veldtabel voor de inheemse zwarte vliegen (Bibionidae),Theo Zeegers,,https://web.archive.org/web/20200205133728/http://www.nev.nl/diptera/vliegenmepper/Vliegenmepper1997-2.pdf,print,1997-12-01,,Vliegenmepper,,,,6,2,4-9,,nl-NL,,key,Bibionidae,"Europe, Netherlands",TRUE,species
"ChiloKey, an interactive identification tool for the geophilomorph centipedes of Europe (Chilopoda, Geophilomorpha)",Lucio Bonato; Massimo Lopresti; Alessandro Minelli; Pierfilippo Cerretti,http://www.interactive-keys.eu/chilokey/default.aspx#,,online,2014-09-29,,ZooKeys,1313-2970,,10.3897/zookeys.443.7530,443,,1-9,,en,,matrix,Geophilomorpha,Europe,TRUE,species
Interactive Key,Pierfilippo Cerretti; Hans-Peter Tschorsnig; Massimo Lopresti,http://www.interactive-keys.eu/,,online,,,,,,,,,,,en,,collection,Arthropoda,Europe,FALSE,genus; species
"BumbleKey: an interactive key for the identification of bumblebees of Italy and Corsica (Hymenoptera, Apidae)",Andree Cappellari; Massimo Lopresti; Pierfilippo Cerretti,http://www.interactive-keys.eu/bumblekey/default.aspx#,,online,2018-09-12,,ZooKeys,1313-2970,,10.3897/zookeys.784.25765,784,,127-138,,en,,matrix,Bombus,"Europe, Italy; Europe, France, Corsica",TRUE,species
De prachtvlieg Melieria picta in grote aantallen op strandkweek Elytrigia atherica op Schiermonnikoog (Diptera: Ulidiidae),John T Smit,https://repository.naturalis.nl/pub/441396,,print,2010,Naturalis,Nederlandse Faunistische Mededelingen,0169-2453,,,33,,1-8,,nl-NL,CC-BY 4.0,key,Melieria,"Europe, Netherlands",TRUE,species
A. 4. Families of Sciaroidea,Geir E E Søli; J R Vockeroth; Loïc Matile,http://www.online-keys.net/sciaroidea/1991_2000/Soli_et_al_2000_Family_Mycetophilidae.pdf,,print,2000,Science Herald,Contributions to a Manual of Palaearctic Diptera,,,,,,49-92,,en,,key,Sciaroidea,Western Palearctic,TRUE,genus
"The genus Sylvicola Harris, 1780 (Diptera, Anisopodidae) in Norway – with a key to the North European species",Geir E E Søli; Erik Rindal,http://www.entomologi.no/journals/nje/2014-2/pdf/nje-vol61-no2-190-200-soli-rindal.pdf,,print,2014-12-08,,Norwegian Journal of Entomology,1501-8415,,,61,,190-200,,en,,key; reference,Sylvicola,"Europe, Northern",TRUE,species
Tabel en verspreidingsatlas van de Nederlandse Steninae (Coleoptera: Staphylinidae),F van Stuivenberg,https://repository.naturalis.nl/pub/317376,,print,1997-02-15,Naturalis,Nederlandse Faunistische Mededelingen,0169-2453,,,6,,3-60,,nl-NL,,key,Staphylinidae,"Europe, Netherlands",FALSE,species
Cicindelidae en France,Gérard Collomb,,https://web.archive.org/web/20210126212248/http://clubrosalia.free.fr/CicindelidaeenFrance.pdf,online,2008-09-01,,,,,,,,78,,fr-FR,,reference,Cicindelidae,"Europe, France",TRUE,
The Palaearctic species of Sylvicola (Diptera: Anisopodidae),Paul Beuk,http://www.online-keys.net/infusions/keys/keys_view.php?key_no=1,,online,2021-01-08,,,,,,,,,,en,,key,Sylvicola,Palaearctic,TRUE,species
Key to near shore fish families of Hawaii,Keith Korsmeyer,http://www.online-keys.net/infusions/keys/keys_view.php?key_no=25,,online,2012-07-11,,,,,,,,,,en,,key,Actinopterygii,"US, Hawaii",FALSE,family
The European species of Xylophagus (Diptera: Xylophagidae),Jere Kahanpää,http://www.online-keys.net/infusions/keys/keys_view.php?key_no=3,,online,2014-07-03,,,,,,,,,,en,CC-BY-SA 3.0,key,Xylophagus,Europe,TRUE,species
"The European species of the genus Stilpon Loew, 1859 (Diptera: Hybotidae)",Paul Beuk,http://www.online-keys.net/infusions/keys/keys_view.php?key_no=4,,online,2014-12-19,,,,,,,,,,en,,key,Stilpon,Europe,TRUE,species
"Key to the West-Palaeractic species of Elaphropeza Macquart, 1827 (Diptera: Hybotidae)",Paul Beuk,http://www.online-keys.net/infusions/keys/keys_view.php?key_no=16,,online,2017-07-13,,,,,,,,,,en,,key,Elaphropeza,Western Palearctic,TRUE,species
Key to the Western Palaearctic Asteiidae (Diptera) with a few additions from other regions,Paul Beuk,http://www.online-keys.net/infusions/keys/keys_view.php?key_no=6,,online,2020-01-22,,,,,,,,,,en,,key,Asteiidae,Western Palearctic,TRUE,species
Key to the Western European species of Camilla (Diptera: Camillidae),Paul Beuk,http://www.online-keys.net/infusions/keys/keys_view.php?key_no=7,,online,2010-01-21,,,,,,,,,,en,,key,Camilla,"Europe, Western",TRUE,species
European Ulidia Meigen 1826,Valery Korneyev,http://www.online-keys.net/infusions/keys/keys_view.php?key_no=9,,online,2010-01-21,,,,,,,,,,en,,key,Ulidia,Europe,TRUE,species
Key to some European species of Xylomyidae,Paul Beuk,http://www.online-keys.net/infusions/keys/keys_view.php?key_no=10,,online,2008-01-03,,,,,,,,,,en,,key,Xylomyidae,Europe,FALSE,species
Northwestern European Hippoboscidae,Paul Beuk,http://www.online-keys.net/infusions/keys/keys_view.php?key_no=12,,online,2010-01-21,,,,,,,,,,en,,key,Hippoboscidae,"Europe, Northwestern",TRUE,species
Key to genera and species of Hybotidae,Paul Beuk,http://www.online-keys.net/infusions/keys/keys_view.php?key_no=18,,online,2013-05-17,,,,,,,,,,en,,key,Hybotidae,,FALSE,genus; species
The British species of the genus Suillia,Paul Beuk,http://www.online-keys.net/infusions/keys/keys_view.php?key_no=19,,online,2021-01-03,,,,,,,,,,en,,key,Suillia,"Europe, UK",TRUE,species
Scatopsidae,Paul Beuk,http://www.online-keys.net/infusions/keys/keys_view.php?key_no=23,,online,2021-02-11,,,,,,,,,,en,,key,Scatopsidae,Europe,TRUE,species
Lonchopteridae of Europe,Paul Beuk,http://www.online-keys.net/infusions/keys/keys_view.php?key_no=27,,online,2021-04-13,,,,,,,,,,en,,key,Lonchopteridae,Europe,TRUE,species
Psilidae,Paul Beuk,http://www.online-keys.net/infusions/keys/keys_view.php?key_no=34,,online,2020-11-27,,,,,,,,,,en,,key,Psilidae,Europe,TRUE,species
Wapenvliegen Tabel,Ben Brugge,https://hdl.handle.net/11245/1.197324,,print,2002,Jeugdbondsuitgeverij,,,9789051070385; 9051070381,,,,94,2,nl-NL,,key,Stratiomyidae,"Europe, Netherlands",TRUE,species
British Soldierflies and Their Allies,Alan E Stubbs; Martin Drake,,,print,2001,British Entomological and Natural History Society,,,9781899935048,,,,512,1,en-GB,,key,Acroceridae; Asilidae; Athericidae; Bombyllidae; Rhagionidae; Scenopinidae; Stratiomyidae; Tabanidae; Therevidae; Xylomyidae; Xylophagidae,"Europe, UK",,
British Soldierflies and Their Allies,Alan E Stubbs; Martin Drake,https://www.benhs.org.uk/publications/british-soldierflies-and-their-allies-second-edition/,,print,2014,British Entomological and Natural History Society,,,,,,,528,2,en-GB,,key,Acroceridae; Asilidae; Athericidae; Bombyllidae; Rhagionidae; Scenopinidae; Stratiomyidae; Tabanidae; Therevidae; Xylomyidae; Xylophagidae,"Europe, UK",,
"The European Pamphiliidae (Hymenoptera: Symphyta), with special reference to the Netherlands",C van Achterberg; B van Aartsen,https://repository.naturalis.nl/pub/317613,,print,1986,Naturalis,Zoologische Verhandelingen,,,,234,1,1-98,,en,CC-BY 4.0,key,Pamphiliidae,Europe,TRUE,species
Overzicht van de families en genera van de Nederlandse bladwespen (Hymenoptera: Symphyta). I,Ad Mol,https://natuurtijdschriften.nl/pub/563631,,print,2002,Nederlandse Entomologische Vereniging,Bzzz/HymenoVaria,1387-1773,,,15,1,9-26,,nl-NL,CC-BY 3.0 NL,key,Symphyta,"Europe, Northwestern",TRUE,genus
Overzicht van de families en genera van de Nederlandse bladwespen (Hymenoptera: Symphyta). II,Ad Mol,https://natuurtijdschriften.nl/pub/563647,,print,2002,Nederlandse Entomologische Vereniging,Bzzz/HymenoVaria,1387-1773,,,16,1,45-60,,nl-NL,CC-BY 3.0 NL,key,Symphyta,"Europe, Northwestern",TRUE,genus
Overzicht van de families en genera van de Nederlandse bladwespen (Hymenoptera: Symphyta). III,Ad Mol,https://natuurtijdschriften.nl/pub/563675,,print,2003,Nederlandse Entomologische Vereniging,Bzzz/HymenoVaria,1387-1773,,,18,1,31-43,,nl-NL,CC-BY 3.0 NL,key,Symphyta,"Europe, Northwestern",TRUE,genus
Familietabel van de Hymenoptera in Noordwest-Europa,C van Achterberg,,,print,1982,KNNV,Wetenschappelijke Mededelingen KNNV,,,,152,,50,,nl-NL,,key,Hymenoptera,"Europe, Northwestern",TRUE,family
A key to the freshwater fishes of the British Isles: with notes on their distribution and ecology,Peter S Maitland,,,print,1972,Freshwater Biological Association,Freshwater Biological Association Scientific Publication,0367-1887,900386185; 9780900386183,,27,,139,1,en-GB,,key; reference,Agnatha; Chondrichthyes; Osteichthyes,"Europe, UK",FALSE,species
"Käfer Mitteleuropas, Bd. 2: Adephaga I: Carabidae",Gerd Müller-Motzfeld,"http://entoliteratura.entoforum.cz/carabidae/FREUDE,%20HARDE,%20LOHSE%20&%20KLAUSNITZER%202004.pdf",,print,2004,Spektrum,Käfer Mitteleuropas,,9783827415516,,,,521,2,de,,key,Carabidae,"Europe, Central",TRUE,species
Mike's Insect Keys,Mike Hackston,https://sites.google.com/view/mikes-insect-keys/mikes-insect-keys,,online,,,,,,,,,,,,,collection,Insecta; Isopoda,"Europe, UK",FALSE,
Soortzoekers Nederlandse biodiversiteit,,https://determineren.nederlandsesoorten.nl/linnaeus_ng/,,online,,,,,,,,,,,nl-NL,,collection,Animalia,"Europe, Netherlands",FALSE,
Gaasvliegentabel voor de Benelux,Gilles San Martin,,,print,2006,JNM,,,,,,,48,1bis,nl-BE,,key,Chrysopidae,"Europe, Benelux",TRUE,species
Clé de détermination des Chrysopidae de Belgique,Gilles San Martin,https://quelestcetanimal-lagalerie.com/wp-content/uploads/2012/11/SanMartin2004_Cle%CC%81_des_Chrysopidae_ad.pdf,,print,2004,Jeunes et Nature,,,,,,,44,1,fr,,key,Chrysopidae,"Europe, Belgium",TRUE,species
De plooivleugelwespen,Raimond Hensen,,,print,1985,Jeugdbondsuitgeverij,,,,,,,59,,nl-NL,,key,Vespidae,"Europe, Netherlands",TRUE,species
"Odon-tabel, voor het op naam brengen van libellen zonder te vangen",Weia Reinboud; Tieneke de Groot; Marcel Wasscher,,,print,2002,Jeugdbondsuitgeverij,,,9051070330; 9789051070330,,,,80,4,nl-NL,,key,Odonata,"Europe, Netherlands; Europe, Belgium",FALSE,species
"Odon-tabel, voor het op naam brengen van libellen zonder te vangen",Marcel Wasscher; Tieneke de Groot; Weia Reinboud,,,print,1999,Jeugdbondsuitgeverij,,,9051070330,,,,80,3,nl-NL,,key,Odonata,"Europe, Netherlands; Europe, Belgium",FALSE,species
"Odon-tabel, voor het op naam brengen van libellen zonder te vangen",Tieneke de Groot; Weia Reinboud; Marcel Wasscher,,,print,1993,Jeugdbondsuitgeverij,,,9051070217; 9789051070217,,,,71,2,nl-NL,,key,Odonata,"Europe, Netherlands; Europe, Belgium",TRUE,species
"Velddeterminatietabel voor de lieveheersbeestjes van West-Europa (Chilocorinae, Coccinellinae, Epilachinae & Coccidulinae) met larventabel",Stijn Segers,,,print,2015-05,JNM,,,9789078089032,,,,96,3,nl-NL,,key; reference,Chilocorinae; Coccinellinae; Epilachinae; Coccidulinae,"Europe, Western",TRUE,species
"Velddeterminatietabel voor de lieveheersbeestjes van België en Nederland (Chilocorinae, Coccinellinae, Epilachinae & Coccidulinae)",Jean-Yves Baugnée; Etienne Branquart; Dirk Maes,,,print,2011,JNM,,,,,,,,2,nl,,key; reference,Chilocorinae; Coccinellinae; Epilachinae; Coccidulinae,"Europe, Netherlands; Europe, Belgium",TRUE,species
"Velddeterminatietabel voor de lieveheersbeestjes van België (Chilocorinae, Coccinellinae & Epilachinae)",Jean-Yves Baugnée; Etienne Branquart; Dirk Maes,,,print,2001,JNM,,,,,,,,1,nl-BE,,key; reference,Chilocorinae; Coccinellinae; Epilachinae,"Europe, Belgium",TRUE,species
Zweefvliegentabel,Volkert S van der Goot,,,print,1954,Jeugdbondsuitgeverij,,,,,,,,1,nl-NL,,key,Syrphidae,"Europe, Netherlands",FALSE,species
Zweefvliegentabel,Volkert S van der Goot,,,print,1958,Jeugdbondsuitgeverij,,,,,,,,2,nl-NL,,key,Syrphidae,"Europe, Netherlands",FALSE,species
Zweefvliegentabel,Volkert S van der Goot,,,print,1967,Jeugdbondsuitgeverij,,,,,,,,3,nl-NL,,key,Syrphidae,"Europe, Netherlands",FALSE,species
Zweefvliegentabel,Volkert S van der Goot,,,print,1970,Jeugdbondsuitgeverij,,,,,,,,4,nl-NL,,key,Syrphidae,"Europe, Netherlands",FALSE,species
Zweefvliegentabel,Volkert S van der Goot,,,print,1975,Jeugdbondsuitgeverij,,,,,,,,5,nl-NL,,key,Syrphidae,"Europe, Netherlands",FALSE,species
Zweefvliegentabel,Aat Barendregt,,,print,1978,Jeugdbondsuitgeverij,,,,,,,,6,nl-NL,,key,Syrphidae,"Europe, Netherlands",FALSE,species
Zweefvliegentabel,Aat Barendregt,,,print,1982,Jeugdbondsuitgeverij,,,,,,,82,7,nl-NL,,key,Syrphidae,"Europe, Netherlands",FALSE,species
Zweefvliegentabel,Aat Barendregt,,,print,1991,Jeugdbondsuitgeverij,,,9051070160; 9789051070163,,,,92,8,nl-NL,,key,Syrphidae,"Europe, Netherlands",FALSE,species
Zweefvliegentabel,Aat Barendregt,,,print,2001,Jeugdbondsuitgeverij,,,9051070365; 9789051070361,,,,96,9,nl-NL,,key,Syrphidae,"Europe, Netherlands",FALSE,species
"Libellen van Noordwest-Europa: determinatie, verspreiding, biotoopsvoorkeur en bedreiging van de libellensoorten van Noordwest-Europa",Arne Wendler; Johann-Hendrik Nüß,,,print,2006,Jeugdbondsuitgeverij,,,,,,,136,2,nl-NL,,key; reference,Odonata,"Europe, Northwestern",TRUE,species
"Libellen van Noordwest-Europa: determinatie, verspreiding, biotoopsvoorkeur en bedreiging van de libellensoorten van Noordwest-Europa",Arne Wendler; Johann-Hendrik Nüß,,,print,2002,Jeugdbondsuitgeverij,,,9051070314; 9789051070316,,,,136,1,nl-NL,,key; reference,Odonata,"Europe, Northwestern",TRUE,species
"Libellules: Guide d'identification des libellules de France, d'Europe septentrionale et centrale",Arne Wendler; Johann-Hendrik Nüß,,,print,1994,Société Française d'Odonatologie,,,2950729118; 9782950729118,,,,129,,fr,,key; reference,Odonata,"Europe, Northwestern",TRUE,species
"Libellen. Bestimmung, Verbreitung, Lebensräume und Gefährdung aller Arten Nord- und Mitteleuropas sowie Frankreichs unter besonderer Berücksichtigung Deutschlands und der Schweiz",Arne Wendler; Johann-Hendrik Nüß,,,print,1991,Deutscher Jugendbund für Naturbeobachtung,,,3923376154; 9783923376155,,,,129,1,de-DE,,key; reference,Odonata,"Europe, Northwestern",TRUE,species
Determinatietabel voor Nederlandse Weekschildkevers (Cantharidae),Koen Verhoogt,,,print,2020,Jeugdbondsuitgeverij,,,,,,,44,1,nl-NL,,key,Cantharidae,"Europe, Netherlands",TRUE,species
Determinatietabel voor Nederlandse Kniptorren,Anne Krediet; Koen Verhoogt,,,print,2017,Jeugdbondsuitgeverij,,,9789051070507,,,,24,1,nl-NL,,key,Elateridae,"Europe, Netherlands",TRUE,species
Bestemrnelsesnøkkel for de vanligste Norske trips (Thysanoptera),Sverre Kobro,http://www.entomologi.no/journals/tabell/pdf/Norske_Insekttabeller_19.pdf,,print,2013,Norsk Entomologisk Forening,Norske Insekttabeller,1503-2108,,,19,,49,,nb,,key,Thysanoptera,"Europe, Norway",FALSE,species
Bestemmelsetabell over de Norske og Nordiske Mosskorpioner (Pseudoscorpiones),Ingvar Stol,http://www.entomologi.no/journals/tabell/pdf/Norske_Insekttabeller_18.pdf,,print,2005,Norsk Entomologisk Forening,Norske Insekttabeller,1503-2108,,,18,,36,,nb,,key,Pseudoscorpiones,"Europe, Northern",TRUE,species
Nordiske hårmygg (Bibionidae). Larver og imagines,John Skartveit,http://www.entomologi.no/journals/tabell/pdf/Norske_Insekttabeller_17.pdf,,print,2004,Norsk Entomologisk Forening,Norske Insekttabeller,1503-2108,,,17,,27,,nb,,key,Bibionidae,"Europe, Northern",TRUE,species
Bestemmelsetabell over norske og nordiske Langbeinarter (Opiliones),Ingvar Stol,http://www.entomologi.no/journals/tabell/pdf/Norske_Insekttabeller_16.pdf,,print,1999,Norsk Entomologisk Forening,Norske Insekttabeller,1503-2108,,,16,,17,,nb,,key,Opiliones,"Europe, Northern",TRUE,species
Latridiidae (Muggbiller),Anders Vik,http://www.entomologi.no/journals/tabell/pdf/Norske_Insekttabeller_15.pdf,,print,1995,Norsk Entomologisk Forening,Norske Insekttabeller,1503-2108,,,15,,15,,nb,,key,Latridiidae,"Europe, Norway",TRUE,species
Bestemrnelsesnøkkel til Norske Døgnfluelarver (Ephemeroptera larvae),Jo Vegar Arnekleiv,http://www.entomologi.no/journals/tabell/pdf/Norske_Insekttabeller_14.pdf,,print,1995,Norsk Entomologisk Forening,Norske Insekttabeller,1503-2108,,,14,,47,,nb,,key,Ephemeroptera,"Europe, Norway",TRUE,species
Norges gresshopper,Preben Ottesen,http://www.entomologi.no/journals/tabell/pdf/Norske_Insekttabeller_13.pdf,,print,1992,Norsk Entomologisk Forening,Norske Insekttabeller,1503-2108,,,13,,30,,nb,,key,Orthoptera,"Europe, Norway",TRUE,species
"Bestemmelsetabell for Norske Nettvinger (Planipennia), Kamelhalsfluer (Raphidioptera) og mudderfluer (Megaloptera)",Lita Greve,http://www.entomologi.no/journals/tabell/pdf/Norske_Insekttabeller_12.pdf,,print,1987-11,Norsk Entomologisk Forening,Norske Insekttabeller,1503-2108,,,12,,46,,nb,,key,Neuroptera/Planipennia; Raphidioptera; Megaloptera,"Europe, Norway",FALSE,species
Stikkeveps,Astrid Løken,http://www.entomologi.no/journals/tabell/pdf/Norske_Insekttabeller_11.pdf,,print,1987,Norsk Entomologisk Forening,Norske Insekttabeller,1503-2108,,,11,,23,,nb,,key,Vespidae,"Europe, Norway",TRUE,species
Bestemmelsetabell for Norske Arter av Tipulidae (Diptera),Trond Hofsvang,http://www.entomologi.no/journals/tabell/pdf/Norske_Insekttabeller_10.pdf,,print,1986,Norsk Entomologisk Forening,Norske Insekttabeller,1503-2108,,,10,,84,,nb,,key,Tipulidae,"Europe, Norway",FALSE,species
Humler,Astrid Løken,http://www.entomologi.no/journals/tabell/pdf/Norske_Insekttabeller_09.pdf,,print,1985,Norsk Entomologisk Forening,Norske Insekttabeller,1503-2108,,,9,,40,,nb,,key,Bambus Latreille;  Psithyrus Lepeletier,"Europe, Norway",TRUE,species
Vannteger unntatt buksvømmere (Corixidae),Harald Gjerde; Sigmund Hågvar,http://www.entomologi.no/journals/tabell/pdf/Norske_Insekttabeller_08.pdf,,print,1985,Norsk Entomologisk Forening,Norske Insekttabeller,1503-2108,,,8,,8,,nb,,key,Nepomorpha,"Europe, Norway",TRUE,species
"Bestemmelsestabeller til norske biller som ikke er nevnt i ""Danmarks Fauna"". Familiene: Elateridae, Eucnemidae, Cryptophagidae, Latridiidae, Cisidae, Chrysomelidae",Arne Fjellberg,http://www.entomologi.no/journals/tabell/pdf/Norske_Insekttabeller_07.pdf,,print,1985,Norsk Entomologisk Forening,Norske Insekttabeller,1503-2108,,,7,,35,,nb,,key,Elateridae; Eucnemidae; Cryptophagidae; Latridiidae; Cisidae; Chrysomelidae,"Europe, Norway",FALSE,species
"Biller (Coleoptera). Norske biller som ikke er omtalt i ""Danmarks Fauna"". En oversikt med henvisninger til bestemmelseslitteratur",Preben Ottesen,http://www.entomologi.no/journals/tabell/pdf/Norske_Insekttabeller_06.pdf,,print,1985,Norsk Entomologisk Forening,Norske Insekttabeller,1503-2108,,,6,,20,,nb,,collection,Coleoptera,"Europe, Norway",FALSE,
Norske breiteger. Overfam. Pentatomoidea,Sigmund Hågvar,http://www.entomologi.no/journals/tabell/pdf/Norske_Insekttabeller_05.pdf,,print,1984,Norsk Entomologisk Forening,Norske Insekttabeller,1503-2108,,,5,,16,,nb,,key,Pentatomoidea,"Europe, Norway",TRUE,species
"Bestemmelsesnøkkel til norske buksvømmere (Corixidae, Hemipetera, Heteroptera)",John O Solem,http://www.entomologi.no/journals/tabell/pdf/Norske_Insekttabeller_04.pdf,,print,1983,Norsk Entomologisk Forening,Norske Insekttabeller,1503-2108,,,4,,24,,nb,,key,Corixidae,"Europe, Norway",TRUE,species
Norske skorpionfluer - Ordenen Mecoptera. Tabellen tar med de arter som hittil er funnet i Norge,Lita Greve,http://www.entomologi.no/journals/tabell/pdf/Norske_Insekttabeller_03.pdf,,print,1983,Norsk Entomologisk Forening,Norske Insekttabeller,1503-2108,,,3,,10,,nb,,key,Mecoptera,"Europe, Norway",TRUE,species
Edderkopper. Tabell til alle norske familier,Erling Hauge,http://www.entomologi.no/journals/tabell/pdf/Norske_Insekttabeller_02.pdf,,print,1982,Norsk Entomologisk Forening,Norske Insekttabeller,1503-2108,,,2,,12,,nb,,key,Araneae,"Europe, Norway",TRUE,family
Fluer (Diptera). Ibisfluer (Anthericidae) Snappefluer (Rhagionidae) Vindusfluer (Scenopinidae) Kulefluer (Acroceridae),Lita Greve,http://www.entomologi.no/journals/tabell/pdf/Norske_Insekttabeller_01.pdf,,print,1993,Norsk Entomologisk Forening,Norske Insekttabeller,1503-2108,,,1,,20,2,nb,,key,Athericidae; Rhagionidae; Scenopinidae; Acroceridae,"Europe, Norway",TRUE,species
Fluer (Diptera). Ibisfluer (Anthericidae) Snappefluer (Rhagionidae) Vindusfluer (Scenopinidae) Kulefluer (Acroceridae),Lita Greve,,,print,1982,Norsk Entomologisk Forening,Norske Insekttabeller,1503-2108,,,1,,,1,nb,,key,Athericidae; Rhagionidae; Scenopinidae; Acroceridae,"Europe, Norway",TRUE,species
Thysanura and Diplura,M J Delany,https://www.royensoc.co.uk/sites/default/files/Vol01_Part02.pdf,,print,1954-05-24,Royal Entomological Society,Handbooks for the Identification of British Insects,0962-5852,,,1,2,8,,en-UK,CC-BY-NC-SA 2.0 UK,key,Thysanura; Diplura,"Europe, UK",TRUE,species
Dermaptera and Orthoptera,Walter Douglas Hincks,https://www.royensoc.co.uk/sites/default/files/Vol01_Part05.pdf,,print,1949-06-29,Royal Entomological Society,Handbooks for the Identification of British Insects,0962-5852,,,1,5,20,1,en-UK,CC-BY-NC-SA 2.0 UK,key,Dermaptera; Orthoptera,"Europe, UK",TRUE,species
Dermaptera and Orthoptera,Walter Douglas Hincks,,,print,1956,Royal Entomological Society,Handbooks for the Identification of British Insects,0962-5852,,,1,5,24,2,en-UK,CC-BY-NC-SA 2.0 UK,key,Dermaptera; Orthoptera,"Europe, UK",TRUE,species
Plecoptera,Douglas Eric Kimmins,https://www.royensoc.co.uk/sites/default/files/Vol01_Part06.pdf,,print,1950-5-31,Royal Entomological Society,Handbooks for the Identification of British Insects,0962-5852,,,1,6,18,,en-UK,CC-BY-NC-SA 2.0 UK,key,Plecoptera,"Europe, UK",TRUE,species
Psocids Psocoptera (Booklice and Barklice),Tim R New,https://www.royensoc.co.uk/sites/default/files/Archive%204/Vol01_Part07.pdf,,print,1974-8,Royal Entomological Society,Handbooks for the Identification of British Insects,0962-5852,,,1,7,102,1,en-UK,CC-BY-NC-SA 2.0 UK,key,Psocoptera,"Europe, UK",TRUE,species
Psocids Psocoptera (Booklice and Barklice),Tim R New,https://www.royensoc.co.uk/publications/handbooks/psocids-psocoptera-booklice-and-barklice,,print,2006,Royal Entomological Society,Handbooks for the Identification of British Insects,0962-5852,9780901546845,,1,7,146,2,en-UK,,key,Psocoptera,"Europe, UK",TRUE,species
Ephemeroptera,Douglas Eric Kimmins,https://www.royensoc.co.uk/sites/default/files/Vol01_Part09.pdf,,print,1950-5-31,Royal Entomological Society,Handbooks for the Identification of British Insects,0962-5852,,,1,9,18,,en-UK,CC-BY-NC-SA 2.0 UK,key,Ephemeroptera,"Europe, UK",TRUE,species
Odonata,Frederic Charles Fraser,,,print,1949,Royal Entomological Society,Handbooks for the Identification of British Insects,0962-5852,,,1,10,,1,en-UK,,key,Odonata,"Europe, UK",TRUE,species
Odonata,Frederic Charles Fraser,https://www.royensoc.co.uk/sites/default/files/Vol01_Part10.pdf,,print,1956-07-17,Royal Entomological Society,Handbooks for the Identification of British Insects,0962-5852,,,1,10,49,2,en-UK,CC-BY-NC-SA 2.0 UK,key,Odonata,"Europe, UK",TRUE,species
Thysanoptera,Laurence Alfred Mound; G D Morison; B R Pitkin; J M Palmer,https://www.royensoc.co.uk/sites/default/files/Vol01_Part11.pdf,,print,1976,Royal Entomological Society,Handbooks for the Identification of British Insects,0962-5852,,,1,11,76,,en-UK,CC-BY-NC-SA 2.0 UK,key,Thysanoptera,"Europe, UK",TRUE,species
"Mecoptera, Megaloptera and Neuroptera",Frederic Charles Fraser,https://www.royensoc.co.uk/sites/default/files/Vol01_Part12+13.pdf,,print,1959-10-27,Royal Entomological Society,Handbooks for the Identification of British Insects,0962-5852,,,1,12-13,40,,en-UK,CC-BY-NC-SA 2.0 UK,key,Mecoptera; Megaloptera; Neuroptera,"Europe, UK",TRUE,species
Trichoptera: Hydroptilidae,Jane E Marshall,https://www.royensoc.co.uk/sites/default/files/Vol01_Part14a.pdf,,print,1978,Royal Entomological Society,Handbooks for the Identification of British Insects,0962-5852,,,1,14a,31,,en-UK,CC-BY-NC-SA 2.0 UK,key,Hydroptilidae,"Europe, UK",TRUE,genus; species
Siphonaptera,Franciscus Gerardus Albertus Maria Smit,https://www.royensoc.co.uk/sites/default/files/Vol01_Part16.pdf,,print,1957-06-21,Royal Entomological Society,Handbooks for the Identification of British Insects,0962-5852,,,1,16,94,1,en-UK,CC-BY-NC-SA 2.0 UK,key,Siphonaptera,"Europe, UK",TRUE,species
Fleas (Siphonaptera),Amoret P Whitaker,https://www.royensoc.co.uk/publications/handbooks/fleas-siphonaptera,,print,2007,Royal Entomological Society,Handbooks for the Identification of British Insects,0962-5852,9780901546852,,1,16,178,2,en-UK,CC-BY-NC-SA 2.0 UK,key,Siphonaptera,"Europe, UK",TRUE,species
The adult Trichoptera (caddisflies) of Britain and Ireland,Peter Barnard; Emma Ross,https://www.royensoc.co.uk/publications/handbooks/adult-trichoptera-caddisflies-britain-ireland,,print,2012,Royal Entomological Society,Handbooks for the Identification of British Insects,0962-5852,9780901546944,,1,17,192,1,en-UK,CC-BY-NC-SA 2.0 UK,key,Trichoptera,"Europe, UK",TRUE,species
Hemiptera (Cicadomorpha) (excluding Deltocephaline and Typhlocybinae),Walter John Le Quesne,https://www.royensoc.co.uk/sites/default/files/Vol02_Part02a.pdf,,print,1965-06,Royal Entomological Society,Handbooks for the Identification of British Insects,0962-5852,,,2,2a,64,,en-UK,CC-BY-NC-SA 2.0 UK,key,Cicadellidae; Membracidae; Cercopidae; Cicadellidae,"Europe, UK",TRUE,species
Hemiptera (Cicadomorpha—Deltocephaline),Walter John Le Quesne,https://www.royensoc.co.uk/sites/default/files/Vol02_Part02b.pdf,,print,1969-06-10,Royal Entomological Society,Handbooks for the Identification of British Insects,0962-5852,,,2,2b,84,,en-UK,CC-BY-NC-SA 2.0 UK,key,Deltocephaline,"Europe, UK",TRUE,species
"Cicadellidae (Typhlocybinae) with a Check List of the British Auchenorhyncha (Hemiptera, Homoptera)",Walter John Le Quesne; Kenneth Richard Payne,https://www.royensoc.co.uk/sites/default/files/Vol02_Part02c.pdf,,print,1981,Royal Entomological Society,Handbooks for the Identification of British Insects,0962-5852,,,2,2c,95,,en-UK,CC-BY-NC-SA 2.0 UK,key,Typhlocybinae,"Europe, UK",TRUE,species
Hemiptera (Fulgoromorpha),Walter John Le Quesne,https://www.royensoc.co.uk/sites/default/files/Vol02_Part03.pdf,,print,1960-08-16,Royal Entomological Society,Handbooks for the Identification of British Insects,0962-5852,,,2,3,68,,en-UK,CC-BY-NC-SA 2.0 UK,key,Fulgoromorpha,"Europe, UK",TRUE,species
Homoptera Aphidoidea Chaitophoridae & Callaphididae,H L G Stroyan,https://www.royensoc.co.uk/sites/default/files/Vol02_Part04a.pdf,,print,1977-01-21,Royal Entomological Society,Handbooks for the Identification of British Insects,0962-5852,,,2,4a,130,,en-UK,CC-BY-NC-SA 2.0 UK,key,Aphidoidea; Chaitophorida; Callaphididae,"Europe, UK",TRUE,family; species
Homoptera Psylloidea,Ian David Hodkinson; Ian M White,https://www.royensoc.co.uk/sites/default/files/Archive%204/Vol02_Part05a.pdf,,print,1979,Royal Entomological Society,Handbooks for the Identification of British Insects,0962-5852,,,2,5a,98,,en-UK,CC-BY-NC-SA 2.0 UK,key,Psylloidea,"Europe, UK",TRUE,species
"Psylloidea (Nymphal stages) Hemiptera, Homoptera",Ian M White; Ian David Hodkinson,https://www.royensoc.co.uk/publications/handbooks/psylloidea-nymphal-stages-hemiptera-homoptera,,print,1982,Royal Entomological Society,Handbooks for the Identification of British Insects,0962-5852,9780901546586,,2,5b,50,,en-UK,,key,Psylloidea,"Europe, UK",FALSE,species
Aphids - Pterocommatinae and Aphidinae (Aphidinae),H L G Stroyan,https://www.royensoc.co.uk/publications/handbooks/aphids-pterocommatinae-and-aphidinae-aphidini,,print,1984,Royal Entomological Society,Handbooks for the Identification of British Insects,0962-5852,9780901546623,,2,6,232,,en-UK,,key,Pterocommatinae; Aphidinae,"Europe, UK",TRUE,species
Aphids - Macrosiphini (Aphidinae),Roger Laurence Blackman,https://www.royensoc.co.uk/publications/handbooks/aphids-aphidinae-macrosiphini,,print,2010,Royal Entomological Society,Handbooks for the Identification of British Insects,0962-5852,9780901546913,,2,7,414,,en-UK,,key,Macrosiphini,"Europe, UK",TRUE,species
"Aphids – Anoeciinae, Lachninae, Eriosomatinae, Phloeomyzinae, Thelaxinae, Hormaphidinae, Mindarinae",Roger L Blackman; Robert D Dransfieldand; Robert Brightwell,https://www.royensoc.co.uk/publications/handbooks/aphids-%E2%80%93-anoeciinae-lachninae-eriosomatinae-phloeomyzinae-thelaxinae,,print,2019-12-01,Royal Entomological Society,Handbooks for the Identification of British Insects,0962-5852,9781910159040,,2,8,215,,en-UK,,key,Anoeciinae; Lachninae; Eriosomatinae; Phloeomyzinae; Thelaxinae; Hormaphidinae; Mindarinae,"Europe, UK",TRUE,species
Coleoptera Introduction and Key to Families,Roy Albert Crowson,https://www.royensoc.co.uk/sites/default/files/Vol04_Part01.pdf,,print,1956-12-31,Royal Entomological Society,Handbooks for the Identification of British Insects,0962-5852,,,4,1,48,,en-UK,CC-BY-NC-SA 2.0 UK,key,Coleoptera,"Europe, UK",TRUE,family
British Coleoptera larvae. A guide to the families and major subfamilies,Peter M Hammond; Jane E Marshall; Michael L Cox; Leslie Jessop; Beulah H Garner; Maxwell V L Barclay,https://www.royensoc.co.uk/sites/default/files/Vol04_Part01a.pdf,,print,2019,Royal Entomological Society,Handbooks for the Identification of British Insects,0962-5852,9781910159033,,4,1a,280,,en-UK,,key,Coleoptera,"Europe, UK",TRUE,family
The Carabidae (ground beetles) of Britain and Ireland,Carl H Lindroth,https://www.royensoc.co.uk/sites/default/files/Archive%203/Vol04_Part02.pdf,,print,1974-08,Royal Entomological Society,Handbooks for the Identification of British Insects,0962-5852,,,4,2,148,1,en-UK,CC-BY-NC-SA 2.0 UK,key,Carabidae,"Europe, UK",TRUE,species
The Carabidae (ground beetles) of Britain and Ireland,Martin L Luff,https://www.royensoc.co.uk/sites/default/files/Vol04_Part02.pdf,,print,2007,Royal Entomological Society,Handbooks for the Identification of British Insects,0962-5852,9780901546869,,4,2,247,2,en-UK,,key,Carabidae,"Europe, UK; Europe, Ireland",TRUE,species
Coleoptera (Hydradephaga),Francis Balfour-Browne,https://www.royensoc.co.uk/sites/default/files/Vol04_Part03.pdf,,print,1953,Royal Entomological Society,Handbooks for the Identification of British Insects,0962-5852,,,4,3,33,,en-UK,CC-BY-NC-SA 2.0 UK,key,Hydradephaga,"Europe, UK",TRUE,species
Keys to adults of the water beetles of Britain and Ireland (Part 1),Garth N Foster; Laurie E Friday,https://www.royensoc.co.uk/sites/default/files/Vol04_Part05.pdf,,print,2011,Royal Entomological Society,Handbooks for the Identification of British Insects,0962-5852,9780901546937,,4,5,144,2,en-UK,,key,Hydradephaga,"Europe, UK; Europe, Ireland",TRUE,species
Keys to adults of the water beetles of Britain and Ireland (Part 2),Garth N Foster; David T Bilton; Laurie E Friday,https://www.royensoc.co.uk/sites/default/files/Vol04_Part05b.pdf,,print,2014,Royal Entomological Society,Handbooks for the Identification of British Insects,0962-5852,9780901546975,,4,5b,126,,en-UK,,key,Hydrophiloidea,"Europe, UK",TRUE,species
Coleoptera Clambidae,Colin Johnson,,,print,1966-12,Royal Entomological Society,Handbooks for the Identification of British Insects,0962-5852,9780901546067,,4,6a,12,,en-UK,,key,Clambidae,"Europe, UK",TRUE,species
Coleoptera Staphylinidae Section (a) Piestinae to Euaesthetinae,Charles Edward Tottenham,https://www.royensoc.co.uk/sites/default/files/Vol04_Part08a.pdf,,print,1954-11-30,Royal Entomological Society,Handbooks for the Identification of British Insects,0962-5852,,,4,8a,79,,en-UK,CC-BY-NC-SA 2.0 UK,key,Staphylinidae,"Europe, UK",FALSE,species
Coleoptera (Pselaphidae),E J Pearce,https://www.royensoc.co.uk/sites/default/files/Vol04_Part09.pdf,,print,1957-06-21,Royal Entomological Society,Handbooks for the Identification of British Insects,0962-5852,,,4,9,32,,en-UK,CC-BY-NC-SA 2.0 UK,key,Pselaphidae,"Europe, UK",TRUE,species
Coleoptera Histeroidea Sphaeritidae and Histeridae,David G H Halstead,https://www.royensoc.co.uk/sites/default/files/Vol04_Part10.pdf,,print,1963-02-28,Royal Entomological Society,Handbooks for the Identification of British Insects,0962-5852,,,4,10,16,,en-UK,CC-BY-NC-SA 2.0 UK,key,Histeroidea,"Europe, UK",TRUE,species
Coleoptera Buprestidae,Brian Levey,https://www.royensoc.co.uk/sites/default/files/Vol05_Part01b.pdf,,print,1977,Royal Entomological Society,Handbooks for the Identification of British Insects,0962-5852,,,5,1b,8,,en-UK,CC-BY-NC-SA 2.0 UK,key,Buprestidae,"Europe, UK",TRUE,species
Coleoptera Heteroceridae,R Q S Clarke,https://www.royensoc.co.uk/sites/default/files/Vol05_Part02c.pdf,,print,1973-12,Royal Entomological Society,Handbooks for the Identification of British Insects,0962-5852,,,5,2c,15,,en-UK,CC-BY-NC-SA 2.0 UK,key,Heteroceridae,"Europe, UK",TRUE,species
"Adults and larvae of hide, larder and carpet beetles and their relatives (Coleoptera: Dermestidae) and of derontid beetles (Coleoptera: Derontidae)",Enid Rowena Peacock,https://www.royensoc.co.uk/publications/handbooks/adults-and-larvae-hide-larder-and-carpet-beetles-and-their-relatives,,print,1993-07-01,Royal Entomological Society,Handbooks for the Identification of British Insects,0962-5852,9780901546784,,5,3,144,,en-UK,,key,Dermestidae; Derodontidae,"Europe, UK",TRUE,species
Coleoptera Rhizophagidae,Enid Rowena Peacock,https://www.royensoc.co.uk/sites/default/files/Vol05_Part05a.pdf,,print,1977,Royal Entomological Society,Handbooks for the Identification of British Insects,0962-5852,,,5,5a,19,,en-UK,CC-BY-NC-SA 2.0 UK,key,Rhizophagidae,"Europe, UK",TRUE,species
Coleoptera Phalacridae,Richard Thomas Thompson,https://www.royensoc.co.uk/sites/default/files/Vol05_Part05b.pdf,,print,1958-11-28,Royal Entomological Society,Handbooks for the Identification of British Insects,0962-5852,,,5,5b,17,,en-UK,CC-BY-NC-SA 2.0 UK,key,Phalacridae,"Europe, UK",TRUE,species
Pollen Beetles - Coleoptera: Kateretidae and Nitidulidae: Meligethinae,Ashley H Kirk-Spriggs,https://www.royensoc.co.uk/sites/default/files/Vol05_Part06a.pdf,,print,1996,Royal Entomological Society,Handbooks for the Identification of British Insects,0962-5852,9780901546807,,5,6a,157,,en-UK,,key,Kateretidae; Meligethinae,"Europe, UK",TRUE,species
Coleoptera Coccinellidae & Sphindidae,Robert Dennis Pope,https://www.royensoc.co.uk/sites/default/files/Vol05_Part07.pdf,,print,1953-08-25,Royal Entomological Society,Handbooks for the Identification of British Insects,0962-5852,,,5,7,12,,en-UK,CC-BY-NC-SA 2.0 UK,key,Coccinellidae; Sphindidae,"Europe, UK",TRUE,species
"Coleoptera (Lagriidae, Alleculidae, Tetratomidae, Melandryidae, Salpingidae, Pythidae, Mycteridae, Oedemeridae, Mordellidae, Scraptiidae, Pyrochroidae, Rhipiphoridae, Anthicidae, Aderidae and Meloidae)",F D Buck,https://www.royensoc.co.uk/sites/default/files/Vol05_Part09.pdf,,print,1954-05-24,Royal Entomological Society,Handbooks for the Identification of British Insects,0962-5852,,,5,9,30,,en-UK,CC-BY-NC-SA 2.0 UK,key,Lagriidae; Alleculidae; Tetratomidae; Melandryidae; Salpingidae; Pythidae; Mycteridae; Oedemeridae; Mordellidae; Scraptiidae; Pyrochroidae; Rhipiphoridae; Anthicidae; Aderidae; Meloidae,"Europe, UK",TRUE,species
Coleoptera Tenebrionidae,Martin J D Brendell,https://www.royensoc.co.uk/sites/default/files/Vol05_Part10.pdf,,print,1975-06,Royal Entomological Society,Handbooks for the Identification of British Insects,0962-5852,,,5,10,10,,en-UK,CC-BY-NC-SA 2.0 UK,key,Tenebrionidae,"Europe, UK",TRUE,species
"Coleoptera Scarabaeoidea Lucanidae, Trogidae, Geotrupidae, Scarabaeidae",E B Britton,https://www.royensoc.co.uk/sites/default/files/Vol05_Part11_ed1.pdf,,print,1956-12-31,Royal Entomological Society,Handbooks for the Identification of British Insects,0962-5852,,,5,11,29,1,en-UK,CC-BY-NC-SA 2.0 UK,key,Scarabaeoidea,"Europe, UK",TRUE,species
Dung Beetles and Chafers Coleoptera: Scarabaeoidea,L Jessop,https://www.royensoc.co.uk/sites/default/files/Vol05_Part11.pdf,,print,1986,Royal Entomological Society,Handbooks for the Identification of British Insects,0962-5852,,,5,11,53,2,en-UK,CC-BY-NC-SA 2.0 UK,key,Scarabaeoidea,"Europe, UK",TRUE,species
Coleoptera (Cerambycidae),Evelyn Arthur Joseph Duffy,https://www.royensoc.co.uk/sites/default/files/Vol05_Part12.pdf,,print,1952-09-05,Royal Entomological Society,Handbooks for the Identification of British Insects,0962-5852,,,5,12,18,,en-UK,CC-BY-NC-SA 2.0 UK,key,Cerambycidae,"Europe, UK",TRUE,species
Coleoptera (Scolytidae and Platypodidae),Evelyn Arthur Joseph Duffy,https://www.royensoc.co.uk/sites/default/files/Vol05_Part15.pdf,,print,1953-08-25,Royal Entomological Society,Handbooks for the Identification of British Insects,0962-5852,,,5,15,20,,en-UK,CC-BY-NC-SA 2.0 UK,key,Scolytidae; Platypodidae,"Europe, UK",TRUE,species
"Orthocerous weevils Coleoptera Curculionoidea (Nemonychidae, Anthribidae, Urodontidae, Attelabidae and Apionidae)",Micheal G Morris,https://www.royensoc.co.uk/publications/handbooks/orthocerous-weevils-coleoptera-curculionoidea-nemonychidae-anthribidae,,print,1990,Royal Entomological Society,Handbooks for the Identification of British Insects,0962-5852,9780901546692,,5,16,108,,en-UK,,key,Nemonychidae; Anthribidae; Urodontidae; Attelabidae; Apionidae,"Europe, UK",TRUE,species
Broad-nosed Weevils Coleoptera: Curculionidae (Entiminae),Micheal G Morris,https://www.royensoc.co.uk/publications/handbooks/broad-nosed-weevils-coleoptera-curculionidae-entiminae,,print,1997,Royal Entomological Society,Handbooks for the Identification of British Insects,0962-5852,9780901546791,,5,17a,106,,en-UK,,key,Entiminae,"Europe, UK",TRUE,species
True Weevils (Part 1) Coleoptera: Curculionidae (subfamilies Raymondionyminae to Smicronychinae),Micheal G Morris,https://www.royensoc.co.uk/publications/handbooks/true-weevils-part-1-coleoptera-curculionidae-subfamilies-raymondionyminae,,print,2002,Royal Entomological Society,Handbooks for the Identification of British Insects,0962-5852,0901546836; 9780901546838,,5,17b,149,,en-UK,,key,,"Europe, UK",,species
"True Weevils (Part II) (Coleoptera: Curculionidae, Ceutorhynchinae)",Micheal G Morris,https://www.royensoc.co.uk/publications/handbooks/true-weevils-part-ii-coleoptera-curculionidae-ceutorhynchinae,,print,2008,Royal Entomological Society,Handbooks for the Identification of British Insects,0962-5852,9780901546876,,5,17c,149,,en-UK,,key,Ceutorhynchinae,"Europe, UK",TRUE,species
"True Weevils (Part III) (Coleoptera: Curculioninae, Baridinae, Orobitidinae)",Micheal G Morris,https://www.royensoc.co.uk/sites/default/files/Vol05_Part17d.pdf,,print,2012,Royal Entomological Society,Handbooks for the Identification of British Insects,0962-5852,9780901546951,,5,17d,136,,en-UK,,key,Curculioninae; Baridinae; Orobitidinae,"Europe, UK",FALSE,species
British Scraptiidae,Brian Levey,https://www.royensoc.co.uk/publications/handbooks/british-scraptiidae,,print,2009,Royal Entomological Society,Handbooks for the Identification of British Insects,0962-5852,,,5,18,32,,en-UK,,key,Scraptiidae,"Europe, UK; Europe, Ireland",TRUE,species
Hymenoptera Introduction and Keys to Families,Owain Westmacott Richards,,,print,1956,Royal Entomological Society,Handbooks for the Identification of British Insects,0962-5852,,,6,1,94,1,en-UK,,key,Hymenoptera,"Europe, UK",TRUE,family
Hymenoptera Introduction and Keys to Families,Owain Westmacott Richards,https://www.royensoc.co.uk/sites/default/files/Vol06_Part01_ed2.pdf,,print,1977,Royal Entomological Society,Handbooks for the Identification of British Insects,0962-5852,,,6,1,100,2,en-UK,CC-BY-NC-SA 2.0 UK,key,Hymenoptera,"Europe, UK",TRUE,family
Hymenoptera 2. Symphyta. Section (a),Robert Bernard Benson,https://www.royensoc.co.uk/sites/default/files/Vol06_Part02a.pdf,,print,1951-10-31,Royal Entomological Society,Handbooks for the Identification of British Insects,0962-5852,,,6,2a,49,1,en-UK,CC-BY-NC-SA 2.0 UK,key,Symphyta,"Europe, UK",TRUE,species
Symphyta (except Tenthredinidae) - Hymenoptera,John Quinlan; Ian David Gauld,https://www.royensoc.co.uk/publications/handbooks/symphyta-except-tenthredinidae-hymenoptera,,print,1981,Royal Entomological Society,Handbooks for the Identification of British Insects,0962-5852,9780901546562,,6,2a,67,2,en-UK,,key,Symphyta,"Europe, UK",FALSE,species
Hymenoptera 2. Symphyta. Section (b),Robert Bernard Benson,https://www.royensoc.co.uk/sites/default/files/Archive%203/Vol06_Part02b.pdf,,print,1951-09-05,Royal Entomological Society,Handbooks for the Identification of British Insects,0962-5852,,,6,2b,88,,en-UK,CC-BY-NC-SA 2.0 UK,key,Symphyta,"Europe, UK",TRUE,species
Hymenoptera 2. Symphyta. Section (c),Robert Bernard Benson,https://www.royensoc.co.uk/sites/default/files/Vol06_Part02c.pdf,,print,1958-10-03,Royal Entomological Society,Handbooks for the Identification of British Insects,0962-5852,,,6,2c,114,,en-UK,CC-BY-NC-SA 2.0 UK,key,Symphyta,"Europe, UK",TRUE,species
Hymenoptera Bethyloidea (excluding Chrysididae),John Frederick Perkins,https://www.royensoc.co.uk/sites/default/files/Vol06_Part03a.pdf,,print,1976-01,Royal Entomological Society,Handbooks for the Identification of British Insects,0962-5852,,,6,3a,38,,en-UK,CC-BY-NC-SA 2.0 UK,key,Embolemidae; Bethylidae; Dryinidae,"Europe, UK",TRUE,species
"Scolioidea, Vespoidea and Sphecoidea Hymenoptera, Aculeata",Owain Westmacott Richards,https://www.royensoc.co.uk/sites/default/files/Vol06_Part03b_Richards.pdf,,print,1980,Royal Entomological Society,Handbooks for the Identification of British Insects,0962-5852,,,6,3b,118,,en-UK,CC-BY-NC-SA 2.0 UK,key,Scolioidea; Vespoidea; Sphecoidea,"Europe, UK",TRUE,species
Hymenoptera Formicidae,Barry Bolton; Cedric A Collingwood,https://www.royensoc.co.uk/sites/default/files/Vol06_Part03c.pdf,,print,1975-06,Royal Entomological Society,Handbooks for the Identification of British Insects,0962-5852,,,6,3c,34,,en-UK,CC-BY-NC-SA 2.0 UK,key,Formicidae,"Europe, UK; Europe, Ireland",TRUE,species
Spider wasps Hymenoptera: Pompilidae,Michael C Day,https://www.royensoc.co.uk/sites/default/files/Vol06_Part04.pdf,,print,1988,Royal Entomological Society,Handbooks for the Identification of British Insects,0962-5852,901546704,,6,4,,,en-UK,CC-BY-NC-SA 2.0 UK,key,Pompilidae,"Europe, UK",TRUE,species
"Cuckoo-Wasps Hymenoptera, Chrysididae",D Morgan,https://www.royensoc.co.uk/sites/default/files/Vol06_Part05.pdf,,print,1984,Royal Entomological Society,Handbooks for the Identification of British Insects,0962-5852,,,6,5,37,,en-UK,CC-BY-NC-SA 2.0 UK,key,Chrysididae,"Europe, UK; Europe, Ireland",TRUE,species
"The Vespoid Wasps (Tiphiidae, Mutillidae, Sapygidae, Scoliidae and Vespidae) of the British Isles",M E Archer,https://www.royensoc.co.uk/publications/handbooks/vespoid-wasps-tiphiidae-mutillidae-sapygidae-scoliidae-and-vespidae-british,,print,2014,Royal Entomological Society,Handbooks for the Identification of British Insects,0962-5852,9780901546982,,6,6,82,,en-UK,,key,Tiphiidae; Mutillidae; Sapygidae; Scoliidae; Vespidae,"Europe, UK; Europe, Ireland",TRUE,species
"Pimpline Ichneumon-Flies Hymenoptera, Ichneumonidae (Pimplinae)",Mark R Shaw; Michael G Fitton; Ian David Gauld,https://www.royensoc.co.uk/sites/default/files/Vol07_Part01.pdf,,print,1988,Royal Entomological Society,Handbooks for the Identification of British Insects,0962-5852,901546720,,7,1,110,,en-UK,CC-BY-NC-SA 2.0 UK,key,Pimplinae,"Europe, UK",TRUE,species
Hymenoptera Ichneumonoidae Ichneumonidae Key to Subfamilies and Ichneumoninae—I,John Frederick Perkins,https://www.royensoc.co.uk/sites/default/files/Vol07_Part02a_i.pdf,,print,1959-10-27,Royal Entomological Society,Handbooks for the Identification of British Insects,0962-5852,,,7,2ai,116,,en-UK,CC-BY-NC-SA 2.0 UK,key,Ichneumoninae,"Europe, UK",TRUE,species
"Hymenoptera Ichneumonoidae Ichneumonidae, subfamilies Ichneumonini—II, Alomyinae, Agriotypinae and Lycorininae",John Frederick Perkins,https://www.royensoc.co.uk/sites/default/files/Archive%203/Vol07_Part02a_ii.pdf,,print,1960-08-16,Royal Entomological Society,Handbooks for the Identification of British Insects,0962-5852,,,7,2aii,96,,en-UK,CC-BY-NC-SA 2.0 UK,key,Ichneumoninae; Alomyinae; Agriotypinae; Lycorininae,"Europe, UK",TRUE,species
Hymenoptera Family Ichneumonidae Subfamilies Orthopelmatinae and Anomaloninae,Ian David Gauld; P A Mitchell,https://www.royensoc.co.uk/sites/default/files/Vol07_Part02b.pdf,,print,1977,Royal Entomological Society,Handbooks for the Identification of British Insects,0962-5852,,,7,2b,32,,en-UK,CC-BY-NC-SA 2.0 UK,key,Orthopelmatinae; Anomaloninae,"Europe, UK",TRUE,species
The Banchine Wasps (Ichneumonidae: Banchinae) of the British Isles,J P Brock,https://www.royensoc.co.uk/publications/handbooks/banchine-wasps-ichneumonidae-banchinae-british-isles,,print,2017,Royal Entomological Society,Handbooks for the Identification of British Insects,0962-5852,9781910159019,,7,4,150,,en-UK,CC-BY-NC-SA 2.0 UK,key,Banchinae,"Europe, UK; Europe, Ireland",TRUE,species
Classification and Biology of Braconid Wasps (Hymenoptera: Braconidae),Mark R Shaw; T Huddleston,https://www.royensoc.co.uk/sites/default/files/Vol07_Part11.pdf,,print,1991,Royal Entomological Society,Handbooks for the Identification of British Insects,0962-5852,901546771,,7,11,126,,en-UK,CC-BY-NC-SA 2.0 UK,key; collection,Braconidae,"Europe, UK",TRUE,subfamily
Ichneumonid Wasps (Hymenoptera: Ichneumonidae): their Classification and Biology,Gavin R Broad; Mark R Shaw; Michael G Fitton,https://www.royensoc.co.uk/publications/handbooks/ichneumonid-wasps-hymenoptera-ichneumonidae-their-classification-and-biology,,print,2018,Royal Entomological Society,Handbooks for the Identification of British Insects,0962-5852,9781910159026,,7,12,424,,en-UK,CC-BY-NC-SA 2.0 UK,key; collection,Ichneumonidae,"Europe, UK; Europe, Ireland",TRUE,subfamily
"Hymenoptera Cynipoidea Key to Families and Subfamilies, and Cynipinae (Including Galls)",R D Eady; John Quinlan,https://www.royensoc.co.uk/sites/default/files/Vol08_Part01a.pdf,,print,1963-02-28,Royal Entomological Society,Handbooks for the Identification of British Insects,0962-5852,,,8,1a,81,,en-UK,CC-BY-NC-SA 2.0 UK,key,Cypininae,"Europe, UK",TRUE,species
Hymenoptera Cynipoidea Eucoilidae,John Quinlan,https://www.royensoc.co.uk/sites/default/files/Vol08_Part01b.pdf,,print,1978,Royal Entomological Society,Handbooks for the Identification of British Insects,0962-5852,,,8,1b,58,,en-UK,CC-BY-NC-SA 2.0 UK,key,Eucoilidae,"Europe, UK",TRUE,species
"Hymenoptera Cynipoidea Charipidae, Ibaliidae and Figitidae",N D M Fergusson,https://www.royensoc.co.uk/sites/default/files/Vol08_Part01c.pdf,,print,1986,Royal Entomological Society,Handbooks for the Identification of British Insects,0962-5852,,,8,1c,55,,en-UK,,key,Charipidae; Ibaliidae; Figitidae,"Europe, UK",TRUE,species
"Hymenoptera Chalcidoidea Agaontidae, Leucospidae, Chalcididae, Eucharitidae, Perilampidae, Cleonymidae and Thysanidae ",Charles Ferrière; G J Kerrich,https://www.royensoc.co.uk/sites/default/files/Vol08_Part02a.pdf,,print,1958-11-28,Royal Entomological Society,Handbooks for the Identification of British Insects,0962-5852,,,8,2a,40,,en-UK,CC-BY-NC-SA 2.0 UK,key,Agaontidae; Leucospidae; Chalcididae; Eucharitidae; Perilampidae; Cleonymidae; Thysanidae,"Europe, UK",TRUE,species
"Hymenoptera Chalcidoidea Elasmidae and Eulophidae (Elachertinae, Eulophinae, Euderinae)",R R Askew,https://www.royensoc.co.uk/sites/default/files/Vol08_Part02b.pdf,,print,1968-01-31,Royal Entomological Society,Handbooks for the Identification of British Insects,0962-5852,,,8,2b,39,,en-UK,CC-BY-NC-SA 2.0 UK,key,Elasmidae; Eulophidae,"Europe, UK",TRUE,species
"Diapriidae (Diapriinae) Hymenoptera, Proctotrupoidea",Gilbert Edward James Nixon,https://www.royensoc.co.uk/sites/default/files/Vol08_Part03d_i.pdf,,print,1980,Royal Entomological Society,Handbooks for the Identification of British Insects,0962-5852,,,8,3di,55,,en-UK,CC-BY-NC-SA 2.0 UK,key,Diapriinae,"Europe, UK",TRUE,species
Hymenoptera Proctotrupoidea Diapriidae subfamily Belytinae,Gilbert Edward James Nixon,https://www.royensoc.co.uk/sites/default/files/Vol08_Part03d_ii.pdf,,print,1957-12-31,Royal Entomological Society,Handbooks for the Identification of British Insects,0962-5852,,,8,3dii,107,,en-UK,CC-BY-NC-SA 2.0 UK,key,Belytinae,"Europe, UK",TRUE,species
Diptera. Introduction and key to families,Harold Oldroyd,,,print,1949,Royal Entomological Society,Handbooks for the Identification of British Insects,0962-5852,,,9,1,,1,en-UK,,key,Diptera,"Europe, UK; Europe, Ireland",TRUE,family
Diptera 1. Introduction and key to families,Harold Oldroyd,https://www.royensoc.co.uk/sites/default/files/Vol09_Part01.pdf,,print,1954-04,Royal Entomological Society,Handbooks for the Identification of British Insects,0962-5852,,,9,1,49,2,en-UK,CC-BY-NC-SA 2.0 UK,key,Diptera,"Europe, UK; Europe, Ireland",TRUE,family
Diptera. Introduction and key to families,Harold Oldroyd,,,print,1970,Royal Entomological Society,Handbooks for the Identification of British Insects,0962-5852,,,9,1,104,3,en-UK,,key,Diptera,"Europe, UK; Europe, Ireland",TRUE,family
Diptera 2. Nematocera: families Tipulidae to Chironomidae Tipulidae,Ralph Leonard Coe,https://www.royensoc.co.uk/sites/default/files/Vol09_Part02_1_Tipulidae.pdf,,print,1950-05-31,Royal Entomological Society,Handbooks for the Identification of British Insects,0962-5852,,,9,2i,64,,en-UK,CC-BY-NC-SA 2.0 UK,key,Tipulidae,"Europe, UK",TRUE,species
Diptera 2. Nematocera: families Tipulidae to Chironomidae Trichoceridae Anisopodidae Ptychopteraidae Physchodidae Culicidae,Paul Freeman,https://www.royensoc.co.uk/sites/default/files/Vol09_Part02_1_Tipulidae.pdf,,print,1950-05-31,Royal Entomological Society,Handbooks for the Identification of British Insects,0962-5852,,,9,2ii,51,,en-UK,CC-BY-NC-SA 2.0 UK,key,Trichoceridae; Anisopodidae; Ptychopteraidae; Physchodidae; Culicidae,"Europe, UK",TRUE,species
Diptera 2. Nematocera: families Tipulidae to Chironomidae Chironomidae,Ralph Leonard Coe,https://www.royensoc.co.uk/sites/default/files/Vol09_Part02_3_Chironomidae.pdf,,print,1950-05-31,Royal Entomological Society,Handbooks for the Identification of British Insects,0962-5852,,,9,2iii,95,,en-UK,CC-BY-NC-SA 2.0 UK,key,Chironomidae,"Europe, UK",TRUE,species
Diptera 2. Nematocera: families Tipulidae to Chironomidae,Paul Freeman; Ralph Leonard Coe; Peter Frederick Mattingly,,,print,1950-05-31,Royal Entomological Society,Handbooks for the Identification of British Insects,0962-5852,,,9,2,216,,en-UK,,key,Tipulidae; Trichoceridae; Anisopodidae; Ptychopteraidae; Physchodidae; Culicidae; Chironomidae,"Europe, UK",TRUE,species
"Mycetophilidae (Bolitophilinae, Ditomyiinae, Diadocidiinae, Keroplatinae, Sciophilinae and Manotinae) Diptera, Nematocera",A M Hutson; D M Ackland; L N Kidd,https://www.royensoc.co.uk/sites/default/files/Vol09_Part03.pdf,,print,1980,Royal Entomological Society,Handbooks for the Identification of British Insects,0962-5852,,,9,3,111,,en-UK,CC-BY-NC-SA 2.0 UK,key,Mycetophilidae,"Europe, UK",FALSE,species
Diptera Brachycera Section (a) Tabanoidea and Asiloidea,Harold Oldroyd,https://www.royensoc.co.uk/sites/default/files/Archive%202/Vol09_Part04a.pdf,,print,1969-12-12,Royal Entomological Society,Handbooks for the Identification of British Insects,0962-5852,,,9,4,132,,en-UK,CC-BY-NC-SA 2.0 UK,key,Tabanoidea; Asiloidea,"Europe, UK",TRUE,species
Diptera Orthorrhapha Brachycera Dolichopodidae,Evelyn Cecil Muschamp d'Assis-Fonseca,https://www.royensoc.co.uk/sites/default/files/Vol09_Part05.pdf,,print,1978,Royal Entomological Society,Handbooks for the Identification of British Insects,0962-5852,,,9,5,90,,en-UK,CC-BY-NC-SA 2.0 UK,key,Dolichopodidae,"Europe, UK",TRUE,species
"Sciarid Flies Diptera, Sciaridae",Paul Freeman,,,print,1983,Royal Entomological Society,Handbooks for the Identification of British Insects,0962-5852,,,9,6,68,,en-UK,,key,Sciaridae,"Europe, UK",TRUE,species
Bibionid and Scatopsid Flies Diptera: Bibionidae and Scatopsidae,Paul Freeman; R P Lane,,,print,1985,Royal Entomological Society,Handbooks for the Identification of British Insects,0962-5852,,,9,7,74,,en-UK,,key,Bibionidae; Scatopsidae,"Europe, UK",TRUE,species
Diptera Syrphidae,Ralph Leonard Coe,https://www.royensoc.co.uk/sites/default/files/Vol10_Part01.pdf,,print,1953-08-25,Royal Entomological Society,Handbooks for the Identification of British Insects,0962-5852,,,10,1,98,,en-UK,CC-BY-NC-SA 2.0 UK,key,Syrphidae,"Europe, UK",TRUE,species
Diptera Lonchopteridae,Kenneth George Valentine Smith,,,print,1969-03-04,Royal Entomological Society,Handbooks for the Identification of British Insects,0962-5852,,,10,2ai,9,,en-UK,,key,Lonchopteridae,"Europe, UK",TRUE,species
Diptera Pipunculidae,Ralph Leonard Coe,https://www.royensoc.co.uk/sites/default/files/Vol10_Part02c.pdf,,print,1966-12-31,Royal Entomological Society,Handbooks for the Identification of British Insects,0962-5852,,,10,2c,83,,en-UK,CC-BY-NC-SA 2.0 UK,key,Pipunculidae,"Europe, UK",TRUE,species
Diptera Conopidae,Kenneth George Valentine Smith,https://www.royensoc.co.uk/sites/default/files/Vol10_Part03a.pdf,,print,1969-03-04,Royal Entomological Society,Handbooks for the Identification of British Insects,0962-5852,,,10,3a,19,,en-UK,CC-BY-NC-SA 2.0 UK,key,Conopidae,"Europe, UK",TRUE,species
Diptera Cyclorrhapha Calyptrata (I) Section (a) Tachinidae and Calliphoridae Tachinidae,Fritz Isadore van Emden,https://www.royensoc.co.uk/sites/default/files/Vol10_Part04a_1_Tachinidae.pdf,,print,1954-09-14,Royal Entomological Society,Handbooks for the Identification of British Insects,0962-5852,,,10,4ai,94,1,en-UK,CC-BY-NC-SA 2.0 UK,key,Tachinidae,"Europe, UK",TRUE,species
Diptera Cyclorrhapha Calyptrata (I) Section (a) Tachinidae and Calliphoridae Calliphoridae,Fritz Isadore van Emden,https://www.royensoc.co.uk/sites/default/files/Vol10_Part04a_2_Calliphoridae.pdf,,print,1954-09-14,Royal Entomological Society,Handbooks for the Identification of British Insects,0962-5852,,,10,4aii,37,,en-UK,CC-BY-NC-SA 2.0 UK,key,Calliphoridae,"Europe, UK",TRUE,species
Diptera Cyclorrhapha Calyptrata (I) Section (a) Tachinidae and Calliphoridae,Fritz Isadore van Emden,,,print,1954-09-14,Royal Entomological Society,Handbooks for the Identification of British Insects,0962-5852,,,10,4a,133,,en-UK,,key,Tachinidae; Calliphoridae,"Europe, UK",TRUE,species
Tachinid Flies Diptera: Tachinidae,Robert Belshaw,https://www.royensoc.co.uk/publications/handbooks/tachinid-flies-diptera-tachinidae,,print,1993,Royal Entomological Society,Handbooks for the Identification of British Insects,0962-5852,9780901546814,,10,4ai,170,2,en-UK,,key,Tachinidae,"Europe, UK",TRUE,species
"Diptera Cyclorrhapha Calyptrata, section (b) Muscidae",Evelyn Cecil Muschamp d'Assis-Fonseca,https://www.royensoc.co.uk/sites/default/files/Archive%202/Vol10_Part04b.pdf,,print,1968-01-31,Royal Entomological Society,Handbooks for the Identification of British Insects,0962-5852,,,10,4b,119,,en-UK,CC-BY-NC-SA 2.0 UK,key,Muscidae,"Europe, UK",TRUE,species
Tephritid Flies Diptera: Tephritidae,Ian M White,https://www.royensoc.co.uk/sites/default/files/Vol10_Part05a.pdf,,print,1988,Royal Entomological Society,Handbooks for the Identification of British Insects,0962-5852,,,10,5a,134,,en-UK,CC-BY-NC-SA 2.0 UK,key,Tephritidae,"Europe, UK",TRUE,species
"Sepsidae Diptera, Cyclorrhapha, Acalyptrata",Adrian Charles Pont,,,print,1979,Royal Entomological Society,Handbooks for the Identification of British Insects,0962-5852,,,10,5c,35,,en-UK,,key,Sepsidae,"Europe, UK",TRUE,species
Lesser Dung flies Diptera: Sphaeroceridae,Brian Roy Pitkin,,,print,1988,Royal Entomological Society,Handbooks for the Identification of British Insects,0962-5852,0901546674; 9780901546678,,10,5e,175,,en-UK,,key,Sphaeroceridae,"Europe, UK",TRUE,species
Diptera Agromyzidae,Kenneth A Spencer,https://www.royensoc.co.uk/sites/default/files/Archive%202/Vol10_Part05g.pdf,,print,1972-06,Royal Entomological Society,Handbooks for the Identification of British Insects,0962-5852,,,10,5g,136,,en-UK,CC-BY-NC-SA 2.0 UK,key,Agromyzidae,"Europe, UK",TRUE,species
"Scuttle Flies Diptera, Phoridae (except Megaselia)",R H L Disney,https://www.royensoc.co.uk/publications/handbooks/scuttle-flies-diptera-phoridae-except-megaselia,,print,1983,Royal Entomological Society,Handbooks for the Identification of British Insects,0962-5852,9780901546593,,10,6,81,,en-UK,,key,Phoridae,"Europe, UK",FALSE,species
"Keds, Flat-flies and Bat-flies Diptera, Hippoboscidae and Nycteribiidae",Anthony Michael Hutson Hutson,https://www.royensoc.co.uk/sites/default/files/Vol10_Part07_Hutson.pdf,,print,1984,Royal Entomological Society,Handbooks for the Identification of British Insects,0962-5852,,,10,7,84,,en-UK,CC-BY-NC-SA 2.0 UK,key,Hippoboscidae; Nycteribiidae,"Europe, UK",TRUE,species
Scuttle-flies Diptera: Phoridae Genus Megaselia,R H L Disney,https://www.royensoc.co.uk/sites/default/files/Vol10_Part08.pdf,,print,1989,Royal Entomological Society,Handbooks for the Identification of British Insects,0962-5852,901546747,,10,8,155,,en-UK,CC-BY-NC-SA 2.0 UK,key,Megaselia,"Europe, UK",TRUE,species
"An Introdcution to the Immature Stages of British Flies Diptera Larvae, with Notes on Eggs, Puparia and Pupae",Kenneth George Valentine Smith,https://www.royensoc.co.uk/sites/default/files/Vol10_Part14_MainText.pdf; https://www.royensoc.co.uk/sites/default/files/Vol10_Part14_FigsIndex.pdf,,print,1989,Royal Entomological Society,Handbooks for the Identification of British Insects,0962-5852,901546755,,10,14,280,,en-UK,CC-BY-NC-SA 2.0 UK,key,Diptera,"Europe, UK",TRUE,family; subfamily
"British Lonchaeidae Diptera Cyclorrhapha, Acalyptratae",Ian MacGowan; Graham Rotheray,https://www.royensoc.co.uk/publications/handbooks/british-lonchaeidae-diptera-cyclorrhapha-acalyptratae,,print,2008,Royal Entomological Society,Handbooks for the Identification of British Insects,0962-5852,9780901546883,,10,15,159,,en-UK,,key,Lonchaeidae,"Europe, UK",TRUE,species
"Blow Flies (Diptera: Calliphoridae, Polleniidae, Rhiniidae)",Olga Sivell,https://www.royensoc.co.uk/sites/default/files/Vol10_Part16.pdf,,print,2021,Royal Entomological Society,Handbooks for the Identification of British Insects,0962-5852,1910159069; 9781910159064,,10,16,206,,en-UK,,key,Calliphoridae,"Europe, UK",TRUE,species
A Checklist of British Insects Part 1: Small Orders and Hemiptera,George Sydeny Kloet; Walter Douglas Hincks,,,print,1945,Royal Entomological Society,Handbooks for the Identification of British Insects,0962-5852,,,11,1,119,1,en-UK,,checklist,,"Europe, UK",TRUE,species
A Checklist of British Insects Part 1: Small Orders and Hemiptera,George Sydeny Kloet; Walter Douglas Hincks,,,print,1964,Royal Entomological Society,Handbooks for the Identification of British Insects,0962-5852,,,11,1,119,2,en-UK,,checklist,,"Europe, UK",TRUE,species
A Checklist of British Insects Part 2: Lepidoptera,George Sydeny Kloet; Walter Douglas Hincks,,,print,,Royal Entomological Society,Handbooks for the Identification of British Insects,0962-5852,,,11,2,,1,en-UK,,checklist,Lepidoptera,"Europe, UK",TRUE,species
A Checklist of British Insects Part 2: Lepidoptera,George Sydeny Kloet; Walter Douglas Hincks,,,print,1972,Royal Entomological Society,Handbooks for the Identification of British Insects,0962-5852,0901546046; 9780901546043,,11,2,153,2,en-UK,,checklist,Lepidoptera,"Europe, UK",TRUE,species
A Checklist of British Insects Part 3: Coleoptera and Strepsiptera,,,,print,,Royal Entomological Society,Handbooks for the Identification of British Insects,0962-5852,,,11,3,,1,en-UK,,checklist,Coleoptera; Strepsiptera,"Europe, UK",TRUE,species
A Checklist of British Insects Part 3: Coleoptera and Strepsiptera,George Sydeny Kloet; Walter Douglas Hincks; Robert Dennis Pope; Allan Watson,,,print,1977,Royal Entomological Society,Handbooks for the Identification of British Insects,0962-5852,,,11,3,105,2,en-UK,,checklist,Coleoptera; Strepsiptera,"Europe, UK",TRUE,species
A Check List of British Insects Part 4: Hymenoptera,George Sydeny Kloet; Walter Douglas Hincks,,,print,1945,Royal Entomological Society,Handbooks for the Identification of British Insects,0962-5852,,,11,4,,1,,,checklist,Hymenoptera,"Europe, UK",TRUE,species
A Check List of British Insects Part 4: Hymenoptera,Michael G Fitton; M W R de V Graham; Z R J Boubek; N D M Fergusson; T Huddleston; John Quinlan; Owain Westmacott Richards,https://www.royensoc.co.uk/publications/handbooks/check-list-british-insects-part-4-hymenoptera,,print,1978,Royal Entomological Society,Handbooks for the Identification of British Insects,0962-5852,,,11,4,159,2,en-UK,,checklist,Hymenoptera,"Europe, UK",TRUE,species
A Check List of British Insects Part 5: Diptera and Siphonaptera,George Sydeny Kloet; Walter Douglas Hincks,,,print,1945,Royal Entomological Society,Handbooks for the Identification of British Insects,0962-5852,,,11,5,,1,en-UK,,checklist,Diptera; Siphonaptera,"Europe, UK",TRUE,species
A Check List of British Insects Part 5: Diptera and Siphonaptera,George Sydeny Kloet; Walter Douglas Hincks,,,print,1976,Royal Entomological Society,Handbooks for the Identification of British Insects,0962-5852,,,11,5,139,2,en-UK,,checklist,Diptera; Siphonaptera,"Europe, UK",TRUE,species
Checklists of Insects of the British Isles (New Series) Part 1: Diptera,Peter J Chandler,https://www.royensoc.co.uk/publications/handbooks/checklists-insects-british-isles-new-series-part-1-diptera,,print,1998,Royal Entomological Society,Handbooks for the Identification of British Insects,0962-5852,9780901546821,,12,1,234,,en-UK,,checklist,Diptera,"Europe, UK; Europe, Ireland",TRUE,species
"The Staphylinidae (rove beetles) of Britain and Ireland Scaphidiinae, Piestinae, Oxytelinae",Derek A Lott,https://www.royensoc.co.uk/publications/handbooks/staphylinidae-rove-beetles-britain-and-ireland-scaphidiinae-piestinae,,print,2009,Royal Entomological Society,Handbooks for the Identification of British Insects,0962-5852,9780901546906,,12,5,100,,en-UK,,key,Scaphidiinae; Piestinae; Oxytelinae,"Europe, UK; Europe, Ireland",TRUE,species
Checklist of the Lepidoptera of the British Isles,David J L Agassiz; Stella D Beavan; Robert J Heckford,https://www.royensoc.co.uk/publications/handbooks/checklist-lepidoptera-british-isles,,print,2013,Royal Entomological Society,Handbooks for the Identification of British Insects,0962-5852,9780901546968,,12,6,206,,en-UK,,checklist,Lepidoptera,"Europe, UK; Europe, Ireland",TRUE,species
"The Staphylinidae (rove beetles) of Britain and Ireland. Parts 7 & 8: Oxyporinae, Steninae, Euaesthetinae, Pseudopsinae, Paederinae, Staphylininae",Derek A Lott; Roy Anderson,https://www.royensoc.co.uk/publications/handbooks/staphylinidae-rove-beetles-britain-and-ireland-parts-7-8-oxyporinae-steninae,,print,2011,Royal Entomological Society,Handbooks for the Identification of British Insects,0962-5852,9780901546920,,12,7-8,340,,en-UK,,key,Scaphidiinae; Piestinae; Oxytelinae,Oxyporinae; Steninae; Euaesthetinae; Pseudopsinae; Paederinae; Staphylininae,TRUE,species
Bladbockar (Donaciinae),,https://artfakta.se/artbestamning/taxon/donaciinae-1009063-fullbildade-bladbockar/artnyckel?keyId=21801,,online,2021-02-26,ArtDatabanken,Artfakta Artnycklar,,,,,,,,sv-SE,,key; matrix,Donaciinae,"Europe, Sweden",TRUE,species
Stumpbaggar (Histeridae),,https://artfakta.se/artbestamning/taxon/histeridae-2001023-fullbildade-stumpbaggar/artnyckel?keyId=21799,,online,2021-02-26,ArtDatabanken,Artfakta Artnycklar,,,,,,,,sv-SE,,key; matrix,Histeridae,"Europe, Sweden",TRUE,species
Skräddare (Gerridae),Johannes Bergsten; Ulf Bjelke,https://artfakta.se/artbestamning/taxon/gerridae-2000939-fullvuxna-skraddare/artnyckel?keyId=7023,,online,2018-06-12,ArtDatabanken,Artfakta Artnycklar,,,,,,,,sv-SE,,key; matrix,Gerridae,"Europe, Sweden",TRUE,species
Bin (Apiformes),Björn Cederberg; Krister Hall; Alexander Berg,https://artfakta.se/artbestamning/taxon/apiformes-2002991-fullbildade-bin/artnyckel?keyId=11335,,online,2018-12-21,ArtDatabanken,Artfakta Artnycklar,,,,,,,,sv-SE,,key; matrix,Apiformes,"Europe, Sweden",TRUE,species
Sandbin (Andrena),Göran Holmström; Krister Hall; Niklas Johansson; Alexander Berg,https://artfakta.se/artbestamning/taxon/andrena-1005518-fullbildade-sandbin/artnyckel?keyId=16289,,online,2019-12-18,ArtDatabanken,Artfakta Artnycklar,,,,,,,,sv-SE,,key; matrix,Andrena,"Europe, Sweden",TRUE,species
Fibblebin (Panurgus),Björn Cederberg; Krister Hall; Alexander Berg,https://artfakta.se/artbestamning/taxon/panurgus-1005519-fullbildade-fibblebin/artnyckel?keyId=16284,,online,2019-12-18,ArtDatabanken,Artfakta Artnycklar,,,,,,,,sv-SE,,key; matrix,Panurgus,"Europe, Northern",TRUE,species
Filtbin (Epeolus),Björn Cederberg; Alexander Berg,https://artfakta.se/artbestamning/taxon/epeolus-1005542-fullbildade-filtbin/artnyckel?keyId=21853,,online,2021-03-12,ArtDatabanken,Artfakta Artnycklar,,,,,,,,sv-SE,,key; matrix,Epeolus,"Europe, Sweden",TRUE,species
Citronbin (Hylaeus),Göran Holmström; Krister Hall,https://artfakta.se/artbestamning/taxon/hylaeus-1005517-fullbildade-citronbin/artnyckel?keyId=11331,,online,2018-12-19,ArtDatabanken,Artfakta Artnycklar,,,,,,,,sv-SE,,key; matrix,Hylaeus,"Europe, Northern",TRUE,species
Smalbin (Lasioglossum),,https://artfakta.se/artbestamning/taxon/lasioglossum-1005524-fullbildade-smalbin/artnyckel?keyId=9226,,online,2018-10-12,ArtDatabanken,Artfakta Artnycklar,,,,,,,,sv-SE,,key; matrix,Lasioglossum,"Europe, Northern",FALSE,species
Solbin (Dufourea),Björn Cederberg; Alexander Berg,https://artfakta.se/artbestamning/taxon/dufourea-1005521-fullbildade-solbin/artnyckel?keyId=21852,,online,2021-03-12,ArtDatabanken,Artfakta Artnycklar,,,,,,,,sv-SE,,key; matrix,Dufourea,"Europe, Sweden",TRUE,species
Ullbin (Anthidium),Björn Cederberg; Alexander Berg,https://artfakta.se/artbestamning/taxon/anthidium-1005534-fullbildade-ullbin/artnyckel?keyId=21859,,online,2021-03-12,ArtDatabanken,Artfakta Artnycklar,,,,,,,,sv-SE,,key; matrix,Anthidium,"Europe, Sweden",TRUE,species
Pansarbin (Stelis),Björn Cederberg; Alexander Berg,https://artfakta.se/artbestamning/taxon/stelis-1005535-fullbildade-pansarbin/artnyckel?keyId=21855,,online,2021-03-12,ArtDatabanken,Artfakta Artnycklar,,,,,,,,sv-SE,,key; matrix,Stelis,"Europe, Sweden",TRUE,species
Bisteklar m.fl. (Evanioidea),Niklas Johansson; Krister Hall; Alexander Berg,https://artfakta.se/artbestamning/taxon/evanioidea-2002983-fullbildade-bisteklar-m.fl./artnyckel?keyId=21854,,online,2021-03-12,ArtDatabanken,Artfakta Artnycklar,,,,,,,,sv-SE,,key; matrix,Evanioidea,"Europe, Sweden",TRUE,species
Bastardsvärmare (Zygaenidae),,https://artfakta.se/artbestamning/taxon/zygaenidae-2001255-fullbildade-bastardsvarmare/artnyckel?keyId=1306,,online,2017-04-04,ArtDatabanken,Artfakta Artnycklar,,,,,,,,sv-SE,,key; matrix,Zygaenidae,"Europe, Sweden",TRUE,species
Hoppspindlar (Salticidae),,https://artfakta.se/artbestamning/taxon/salticidae-2001729-fullbildade-hoppspindlar/artnyckel?keyId=22069,,online,2021-05-31,ArtDatabanken,Artfakta Artnycklar,,,,,,,,sv-SE,,key; matrix,Salticidae,"Europe, Sweden",TRUE,species
Lockespindlar (Opiliones),,https://artfakta.se/artbestamning/taxon/opiliones-3000225-fullvuxna-lockespindlar/artnyckel?keyId=21495,,online,2020-04-14,ArtDatabanken,Artfakta Artnycklar,,,,,,,,sv-SE,,key; matrix,Opiliones,"Europe, Sweden",TRUE,species
Kräldjur (Reptilia),Artur Larsson; Jan-Åke Winqvist,https://artfakta.se/artbestamning/taxon/reptilia-4000106-generell-kraldjur/artnyckel?keyId=21577,,online,2020-08-19,ArtDatabanken,Artfakta Artnycklar,,,,,,,,sv-SE,,key; matrix,Reptilia,"Europe, Northern",TRUE,species
Groddjur (Amphibia),Artur Larsson; Jonatan Wahlberg; Pavel Bína; Jan-Åke Winqvist,https://artfakta.se/artbestamning/taxon/amphibia-4000105-generell-groddjur/artnyckel?keyId=21493,,online,2020-04-07,ArtDatabanken,Artfakta Artnycklar,,,,,,,,sv-SE,,key; matrix,Amphibia,"Europe, Northern",TRUE,species
Limniska stormusslor (Bivalvia),Ulf Bjelke; Jonas Roth,https://artfakta.se/artbestamning/taxon/bivalvia-4000057-fullvuxna-limniska-stormusslor/artnyckel?keyId=19418,,online,2020-02-17,ArtDatabanken,Artfakta Artnycklar,,,,,,,,sv-SE,,key; matrix,Bivalvia,"Europe, Sweden",FALSE,species
Marina musslor (Bivalvia),Ragnar Hall; Malin Strand; Fredrik Pleijel,https://artfakta.se/artbestamning/taxon/bivalvia-4000057-fullvuxna-marina-musslor/artnyckel?keyId=21796,,online,2021-02-23,ArtDatabanken,Artfakta Artnycklar,,,,,,,,sv-SE,,key; matrix,Bivalvia,"Europe, Sweden",FALSE,species
Landsnäckor (Gastropoda),Jonas Roth; Ulf Bjelke,https://artfakta.se/artbestamning/taxon/gastropoda-4000055-fullvuxna-landsnackor/artnyckel?keyId=21517,,online,2020-06-04,ArtDatabanken,Artfakta Artnycklar,,,,,,,,sv-SE,,key; matrix,Gastropoda,"Europe, Sweden",FALSE,species
Sötvattenssnäckor (Gastropoda),Ulf Bjelke; Jonas Roth,https://artfakta.se/artbestamning/taxon/gastropoda-4000055-fullvuxna-sotvattenssnackor/artnyckel?keyId=21534,,online,2020-07-02,ArtDatabanken,Artfakta Artnycklar,,,,,,,,sv-SE,,key; matrix,Gastropoda,"Europe, Sweden",FALSE,species
Marina bakgälade snäckor (Euthyneura),Kennet Lundin; Klas Malmberg,https://artfakta.se/artbestamning/taxon/euthyneura-6034828-fullvuxna-marina-bakgalade-snackor/artnyckel?keyId=14044,,online,2019-08-21,ArtDatabanken,Artfakta Artnycklar,,,,,,,,sv-SE,,key; matrix,Euthyneura,"Europe, Sweden",TRUE,species
Nakensnäckor (Nudibranchia),,https://artfakta.se/artbestamning/taxon/nudibranchia-3000128-fullvuxna-nakensnackor/artnyckel?keyId=14064,,online,2019-08-27,ArtDatabanken,Artfakta Artnycklar,,,,,,,,sv-SE,,key; matrix,Nudibranchia,"Europe, Sweden",TRUE,species
Sniglar (Pulmonata),Jonas Roth,https://artfakta.se/artbestamning/taxon/pulmonata-3000129-fullvuxna-sniglar/artnyckel?keyId=21530,,online,2020-06-24,ArtDatabanken,Artfakta Artnycklar,,,,,,,,sv-SE,,key; matrix,Pulmonata,"Europe, Sweden",TRUE,species
Stjälkröksvampar (Tulostoma),M. Jeppson; J Jeppson; C Reisborg,https://artfakta.se/artbestamning/taxon/tulostoma-1001392-fullbildade-stjalkroksvampar/artnyckel?keyId=7064,,online,2018-08-16,ArtDatabanken,Artfakta Artnycklar,,,,,,,,sv-SE,,key; matrix,Tulostoma,"Europe, Sweden",TRUE,species
Sotmossor (Andreaea),Niklas Lönnell,https://artfakta.se/artbestamning/taxon/andreaea-1004560-generell-sotmossor/artnyckel?keyId=21560,,online,2020-08-10,ArtDatabanken,Artfakta Artnycklar,,,,,,,,sv-SE,,key; matrix,Andreaea,"Europe, Sweden",TRUE,species
Sotmossans varieteter (Andreaea rupestris),,https://artfakta.se/artbestamning/taxon/andreaea_rupestris-2856-generell-sotmossans-varieteter/artnyckel?keyId=21539,,online,2020-07-20,ArtDatabanken,Artfakta Artnycklar,,,,,,,,sv-SE,,key; matrix,Andreaea rupestris,"Europe, Northern",TRUE,species
Fyrtandsmossor-knappnålsmossor (Tetraphidaceae),,https://artfakta.se/artbestamning/taxon/tetraphidaceae-2002658-generell-fyrtandsmossor-knappnalsmossor/artnyckel?keyId=2415,,online,2017-09-21,ArtDatabanken,Artfakta Artnycklar,,,,,,,,sv-SE,,key; matrix,Tetraphidaceae,"Europe, Sweden",TRUE,species
Björnmossliknande bladmossor (Polytrichaceae),,https://artfakta.se/artbestamning/taxon/polytrichaceae-2002659-generell-bjornmossliknande-bladmossor/artnyckel?keyId=21615,,online,2020-10-13,ArtDatabanken,Artfakta Artnycklar,,,,,,,,sv-SE,,key; matrix,Polytrichaceae,"Europe, Northern",TRUE,species; genus
Sågmossor (Atrichum),,https://artfakta.se/artbestamning/taxon/atrichum-1004569-generell-sagmossor/artnyckel?keyId=21571,,online,2020-08-18,ArtDatabanken,Artfakta Artnycklar,,,,,,,,sv-SE,,key; matrix,Atrichum,"Europe, Northern",TRUE,species
Järvmossor-vridbjörnmossor (Psilopilum-Oligotrichum),,https://artfakta.se/artbestamning/taxon/psilopilum-1004696-generell-jarvmossor-vridbjornmossor/artnyckel?keyId=21512,,online,2020-05-25,ArtDatabanken,Artfakta Artnycklar,,,,,,,,sv-SE,,key; matrix,Psilopilum,"Europe, Northern",TRUE,species
Knölmossor (Oncophorus),Lars Hedenäs,https://artfakta.se/artbestamning/taxon/oncophorus-1004664-generell-knolmossor/artnyckel?keyId=7074,,online,2018-08-27,ArtDatabanken,Artfakta Artnycklar,,,,,,,,sv-SE,,key; matrix,Oncophorus,"Europe, Northern",TRUE,species
Les Donaciinae de France (Coleoptera: Chrysomelidae),Bernard Bordy; Serge Doguet; Marc Debreuil,,,print,2012,Rutilans,Collection Rutilans,1292-7821,,,,,92,,fr-FR,,key; reference,Donaciinae,"Europe, France",TRUE,species
"Les Asida Latreille, 1802 de la faune de France (Coleoptera Tenebrionidae)",Fabien Soldati,,,print,2006,Rutilans,Collection Rutilans,1292-7821,,,,,55,,fr-FR,,key; reference,Asida,"Europe, France",TRUE,species
Les Cryptocephalus de France (Coleoptera Chrysomelidae): Clé de détermination et iconographie,Roger Costesseque,,,print,2003,Rutilans,Collection Rutilans,1292-7821,,,,,35,,fr-FR,,key; reference,Cryptocephalus,"Europe, France",TRUE,species
Les Clytrinae de France (Coleoptera: Chrysomelidae),Marc Debreuil,,,print,2010,Rutilans,Collection Rutilans,1292-7821,,,,,115,,fr-FR,,key; reference,Clytrinae,"Europe, France",TRUE,species
Les Pachybrachis de France (Coleoptera: Chrysomelidae: Cryptocepahlinae),Marc Debreuil; Pierre Cantot; Jacques Coulon,,,print,2015,Rutilans,Collection Rutilans,1292-7821,,,,,50,,fr-FR,,key; reference,Pachybrachis,"Europe, France",TRUE,species
Les Chrysomelinae de France (Coleoptera: Chrysomelidae),Jaap Winkelman; Marc Debreuil,,,print,2008,Rutilans,Collection Rutilans,1292-7821,,,,,188,,fr-FR,,key; reference,Chrysomelinae,"Europe, France",TRUE,species
Keys to the taxa of the genera Cordyceps and Torrubiella ,Yosio Kobayasi,,,print,1982,,Transactions of the Mycological Society of Japan,,,,23,329-364,,,en,,key,Cordyceps; Torrubiella,-,FALSE,species
Bekermos herkennen (korstmos),A A Roelandse,https://www.yavannah.nl/infoteksten/bekermos/Bekermos.php,https://web.archive.org/web/20210620151506/https://www.yavannah.nl/infoteksten/bekermos/Bekermos.php,online,,,,,,,,,,,nl-NL,,referece,Cladonia,"Europe, Netherlands",FALSE,species
De knoppentabel,Martien Janssen; Dirk Slagter,,https://web.archive.org/web/20160829020454/https://www.knnv.nl/sites/www.knnv.nl/files/De%20Knoppentabel.pdf,print,1990,Jeugdbondsuitgeverij,,,9789051070064,,,,48,,nl-NL,,key,Spermatophyte,"Europe, Netherlands",FALSE,species
Paddenstoel of zwam determineren,,https://zwammen.floraeuropa.eu/nl/determineren,,online,,,,,,,,,,,nl-NL,,matrix; reference,Fungi,Europe,FALSE,species
"Bloem, plant of struik determineren",,https://planten.floraeuropa.eu/nl/determineren/bloem-plant-of-struik,,online,,,,,,,,,,,nl-NL,,matrix; reference,Spermatophyte,Europe,FALSE,species
Boom determineren,,https://planten.floraeuropa.eu/nl/determineren/boom,,online,,,,,,,,,,,nl-NL,,matrix; reference,Spermatophyte,Europe,FALSE,species
De interactieve flora van Nederland en Vlaanderen,Jan W M Marijnissen,,,cd,1998,VNU Interactive Media,,,9057241595,,,,,,nl-NL,,matrix,Spermatophyte,"Europe, Netherlands; Europe, Belgium, Flanders",TRUE,species
Florakompas,,https://florakompas.nl/,,online,2020,,,,,,,,,,nl-NL,,matrix,Spermatophyte,"Europe, Netherlands; Europe, Belgium, Flanders",FALSE,species
Flora determineren,,https://floradetermineren.nl/,,online,2021,,,,,,,,,,nl-NL,,matrix,Spermatophyte,"Europe, Netherlands; Europe, Belgium, Flanders",FALSE,species
Interactieve Determinatietabel,Koen Timmers,http://www.bomen-determineren.com/determineer-blad-boom.html,,online,2000,,,,,,,,,,nl,,key; reference,Spermatophyte,"Europe, Netherlands",TRUE,species
Tree key - What Tree Is That?,Koen Timmers,http://www.tree-key.org/tree-identification-by-leaf.html,,online,2012,,,,,,,,,,en,,key; reference,Spermatophyte,"Europe, Netherlands",TRUE,species
Wilde bloemen in Nederland,Lidy Poot,https://wildebloemen.info/pages%20sleutels/sleutels.php,,online,,,,,,,,,,,nl-NL,,collection,Spermatophyte,"Europe, Netherlands",FALSE,species
Sleutel gele composieten met uitsluitend lintbloemen en minimaal 2 volwaardige bladeren,Lidy Poot,https://wildebloemen.info/pages%20sleutels/sleutel%20gele%20composieten%20met%20blad.php,,online,,,,,,,,,,,nl-NL,<CC-BY-NC?>,key; reference,Asteraceae,"Europe, Netherlands",FALSE,species
Sleutel gele composieten met uitsluitend lintbloemen en geen of hooguit 1 volwaardig blad,Lidy Poot,https://wildebloemen.info/pages%20sleutels/sleutel%20gele%20composieten%20zonder%20blad.php,,online,,,,,,,,,,,nl-NL,<CC-BY-NC?>,key; reference,Asteraceae,"Europe, Netherlands",FALSE,species
Sleutel vergeet-me-nietjes (Myosotis),Lidy Poot,https://wildebloemen.info/pages%20sleutels/sleutel%20vergeet-me-nietjes.php,,online,,,,,,,,,,,nl-NL,<CC-BY-NC?>,key; reference,Myosotis,"Europe, Netherlands",TRUE,species
Sleutel klokjes (Campanula),Lidy Poot,https://wildebloemen.info/pages%20sleutels/sleutel%20klokjes%20Campanula.php,,online,,,,,,,,,,,nl-NL,<CC-BY-NC?>,key; reference,Campanula,"Europe, Netherlands",TRUE,species
Sleutel ganzerik (Potentilla),Lidy Poot,https://wildebloemen.info/pages%20sleutels/sleutel%20ganzerik%20Potentilla.php,,online,,,,,,,,,,,nl-NL,<CC-BY-NC?>,key; reference,Potentilla,"Europe, Netherlands",TRUE,species
Sleutel algemene witte schermbloemigen (incl. de lichtgroene grote engelwortel),Lidy Poot,https://wildebloemen.info/pages%20sleutels/sleutel%20algemene%20witte%20schermbloemigen.php,,online,,,,,,,,,,,nl-NL,<CC-BY-NC?>,key; reference,Apiaceae,"Europe, Netherlands",FALSE,species
Sleutel viooltjes (Viola),Lidy Poot,https://wildebloemen.info/pages%20sleutels/sleutel%20viooltjes%20Viola.php,,online,,,,,,,,,,,nl-NL,<CC-BY-NC?>,key; reference,Viola,"Europe, Netherlands",TRUE,species
Sleutel hoornbloemen (Cerastium),Lidy Poot,https://wildebloemen.info/pages%20sleutels/sleutel%20hoornbloemen%20Cerastium.php,,online,,,,,,,,,,,nl-NL,<CC-BY-NC?>,key; reference,Cerastium,"Europe, Netherlands",TRUE,species
Sleutel boterbloemen (Ranunculus),Lidy Poot,https://wildebloemen.info/pages%20sleutels/sleutel%20boterbloemen%20Ranunculus.php,,online,,,,,,,,,,,nl-NL,<CC-BY-NC?>,key; reference,Ranunculus,"Europe, Netherlands",TRUE,species
Sleutel muur (Stellaria en Myosoton),Lidy Poot,https://wildebloemen.info/pages%20sleutels/sleutel%20muur%20Stellaria%20en%20Myosoton.php,,online,,,,,,,,,,,nl-NL,<CC-BY-NC?>,key; reference,Stellaria; Myosoton,"Europe, Netherlands",TRUE,species
Sleutel wikke (Vicia),Lidy Poot,https://wildebloemen.info/pages%20sleutels/sleutel%20wikke%20Vicia.php,,online,,,,,,,,,,,nl-NL,<CC-BY-NC?>,key; reference,Vicia,"Europe, Netherlands",TRUE,species
Sleutel lathyrus (Lathyrus),Lidy Poot,https://wildebloemen.info/pages%20sleutels/sleutel%20lathyrus.php,,online,,,,,,,,,,,nl-NL,<CC-BY-NC?>,key; reference,Lathyrus,"Europe, Netherlands",TRUE,species
Sleutel 9 gele kruisbloemigen met bloemen groter dan of gelijk aan 1 cm,Lidy Poot,https://wildebloemen.info/pages%20sleutels/sleutel%209%20gele%20kruisbloemigen%20bloem%20groter%20dan%201%20cm.php,,online,,,,,,,,,,,nl-NL,<CC-BY-NC?>,key; reference,Brassicaceae,"Europe, Netherlands",FALSE,species
Sleutel ereprijs (Veronica) trossen in de bladoksels,Lidy Poot,https://wildebloemen.info/pages%20sleutels/sleutel%20ereprijs%20groep%201%20Veronica.php,,online,,,,,,,,,,,nl-NL,<CC-BY-NC?>,key; reference,Veronica,"Europe, Netherlands",TRUE,species
Sleutel ereprijs (Veronica) eindelingse trossen,Lidy Poot,https://wildebloemen.info/pages%20sleutels/sleutel%20ereprijs%20groep%202%20Veronica.php,,online,,,,,,,,,,,nl-NL,<CC-BY-NC?>,key; reference,Veronica,"Europe, Netherlands",TRUE,species
Sleutel ereprijs (Veronica) alleenstaande bloemen,Lidy Poot,https://wildebloemen.info/pages%20sleutels/sleutel%20ereprijs%20groep%203%20Veronica.php,,online,,,,,,,,,,,nl-NL,<CC-BY-NC?>,key; reference,Veronica,"Europe, Netherlands",TRUE,species
Sleutel distels en vergelijkbare bloemen,Lidy Poot,https://wildebloemen.info/pages%20sleutels/sleutel%20distels.php,,online,,,,,,,,,,,nl-NL,<CC-BY-NC?>,key; reference,Asteraceae,"Europe, Netherlands",FALSE,species
Basterdwederik (Epilobium),Lidy Poot,https://wildebloemen.info/pages%20bloemen/B/basterdwederik.php,,online,,,,,,,,,,,nl-NL,<CC-BY-NC?>,key; reference,Epilobium,"Europe, Netherlands",TRUE,species
